Office Notarial;Adresse;Code postal;Ville;Ville d'întérêt;Département;Mail;Notaires Associés;Notaires Salariés;Nb Associés;Nb Salariés;Service Négo
SAS BRMG NOTAIRES;;35690;ACIGNE;Non;Ille-et-Vilaine (35);;Me Isabelle DOUILLET-GUYON;-;1;0;Oui
SELAS NOTAIRES & CONSEILS;;44150;ANCENIS;Non;Loire-Atlantique (44);;Me Sophie BIOTTEAU, Me Jean-Marc DRENO, Me Marie MARTIN, Me Amélie PENNETIER;-;4;0;Oui
SELARL EVRE & LOIRE;;44150;ANCENIS ST GEREON;Non;Loire-Atlantique (44);;Me Noémie CADOT;-;1;0;Non
Etude Bourlès et Associés;;56610;ARRADON;Oui;Morbihan (56);;Me Sarah POTOCKI;Me Elise MAHÉ;1;1;Oui
SELARL Laurence DUPUY Jérôme DAVOST, Julien FOURMAUX et Kristell JÉGO;;56640;ARZON;Oui;Morbihan (56);;Me Laurence DUPUY, Me Kristell JÉGO;-;2;0;Non
SAS ACTAVIE - Maîtres Dugor, Duffo-le strat, Haddad, Rault;;56400;AURAY;Non;Morbihan (56);;Me Claire DUGOR;Me Caroline AUBRÉE-CAUVIN;1;1;Non
Me Renan CONTÉ;;56400;AURAY;Non;Morbihan (56);;Me Renan CONTÉ;-;1;0;Oui
SAS ACTAVIE - Maîtres Dugor, Duffo-le strat, Haddad, Rault;;56401;AURAY;Non;Morbihan (56);;Me Anna DUFFO-LE STRAT, Me Christian HADDAD, Me David RAULT;Me Dorothée RAOUL;3;1;Oui
SELARL Alban SOEUR et Pierre MASSON;;56404;AURAY;Non;Morbihan (56);;Me Pierre MASSON, Me Alban SOEUR;Me Magali DU ROUX DE CHEVRIER DE VARENNES DE BUEIL, Me Laurie MAGUER, Me Michael STEVENS;2;3;Oui
JM.HENAFF E.MORVAN M.MEHEUST, NOTAIRES DU GOLFE;;56870;BADEN;Oui;Morbihan (56);;Me Marie MEHEUST;-;1;0;Oui
SELARL NOTA BENE;;35470;BAIN DE BRETAGNE;Non;Ille-et-Vilaine (35);;Me Laurence AVENEL-THÉZÉ, Me Anne-Marie GAUTIER, Me Marie LUCAS;Me Carole MIMEY;3;1;Oui
Me Aurélie CLOTEAU;;35470;BAIN DE BRETAGNE;Non;Ille-et-Vilaine (35);;Me Aurélie CLOTEAU;-;1;0;Oui
SELARL Pierre GOBIN et François GODET;;44115;BASSE GOULAINE;Non;Loire-Atlantique (44);;Me Pierre GOBIN, Me François GODET;-;2;0;Non
Me Frédéric RENVERSEAU;;56150;BAUD;Non;Morbihan (56);;Me Frédéric RENVERSEAU;-;1;0;Non
Me Pierre GONON;;56150;BAUD;Non;Morbihan (56);;Me Pierre GONON;-;1;0;Oui
SELARL Laurent RAISON et Benoît MACÉ;;56150;BAUD;Non;Morbihan (56);;Me Benoît MACÉ, Me Laurent RAISON;Me Ronan LECUYER;2;1;Oui
SELARL Sylvain HELLIVAN et Valérie GICQUEL-HELLIVAN;;22650;BEAUSSAIS SUR MER;Non;Côtes-d’Armor (22);;Me Valérie GICQUEL-HELLIVAN, Me Sylvain HELLIVAN;-;2;0;Oui
SELARL Laurent COUBARD et Catherine COUBARD-LE QUÉRÉ;;35137;BEDEE;Non;Ille-et-Vilaine (35);;Me Laurent COUBARD, Me Catherine COUBARD-LE QUÉRÉ;-;2;0;Oui
Me Ronan de LAMBILLY;;22810;BELLE ISLE EN TERRE;Non;Côtes-d’Armor (22);;Me Ronan de LAMBILLY;-;1;0;Oui
SARL Frédéric RABAUX et Associés;;56550;BELZ;Non;Morbihan (56);;Me Frédéric RABAUX;-;1;0;Oui
Me Mathieu SAVÉAN;;35830;BETTON;Oui;Ille-et-Vilaine (35);;Me Mathieu SAVÉAN;-;1;0;Non
GRAND ANGLE - Notaires;;35768;BETTON;Oui;Ille-et-Vilaine (35);;Me Geoffroy EMONNET, Me Christophe GUINES, Me Denis RENAUDON-BRUNETIERE;Me Camille BOURSIN, Me Anne-Laure GADBY;3;2;Oui
SELARL François DEBOISE et Nicolas QUETTIER;;22680;BINIC ETABLES SUR MER;Non;Côtes-d’Armor (22);;Me François DEBOISE;Me Marine COLLEU;1;1;Oui
SELAS Lex Silva Notaires;;44130;BLAIN;Non;Loire-Atlantique (44);;Me Eric BALLEREAU, Me Emmanuel BRIAND, Me Damien RUAUD;Me Enguerran GAUDÉ, Me Marylène HUE;3;2;Oui
SCP Caroline BODIGUEL et Florent CHAMPENOIS;;44830;BOUAYE;Non;Loire-Atlantique (44);;Me Caroline BODIGUEL, Me Florent CHAMPENOIS;-;2;0;Oui
SARL ARGOS;;44340;BOUGUENAIS;Non;Loire-Atlantique (44);;Me Solenne ELIE;-;1;0;Non
SELASU OFFICE NOTARIAL BRIACIN;;22390;BOURBRIAC;Non;Côtes-d’Armor (22);;Me Etienne DEVELAY;-;1;0;Oui
Me Christèle BEAULIEU;;35230;BOURGBARRE;Non;Ille-et-Vilaine (35);;Me Christèle BEAULIEU;-;1;0;Oui
SELARL Thierry ROBVEILLE;;44580;BOURGNEUF EN RETZ;Non;Loire-Atlantique (44);;Me Thierry ROBVEILLE;-;1;0;Non
Me Nathalie ROULET;;22250;BROONS;Non;Côtes-d’Armor (22);;Me Nathalie ROULET;-;1;0;Oui
Me Rozenn MICHEL;;35170;BRUZ;Non;Ille-et-Vilaine (35);;Me Rozenn MICHEL;-;1;0;Oui
SARL NOTAIRES DES LICES - Me Jean-Marie PERCIER;;35170;BRUZ;Non;Ille-et-Vilaine (35);;Me Jean-Marie PERCIER;Me Sophie SEJOURNE-HIGNARD;1;1;Non
SARL Eric LE GUALES DE MÉZAUBRAN;;35170;BRUZ;Non;Ille-et-Vilaine (35);;Me Eric LE GUALES DE MÉZAUBRAN;-;1;0;Oui
SCP TRENTE CINQ NOTAIRES;;35172;BRUZ;Non;Ille-et-Vilaine (35);;Me Paul COLLIN, Me Dominique GATINEAU, Me Victoria JANICOT-CHAMPAGNAT, Me Guillaume JOUIN, Me Michaël KERJEAN;Me Caroline COMPAIN, Me Aurélie JOUIN, Me Angéline LAKHFIF, Me Larhzal NASYF;5;4;Oui
SELARL LES NOTAIRES DU POHER;;22160;CALLAC;Non;Côtes-d’Armor (22);;Me Marine LE JEUNE;-;1;0;Oui
SELAS ENTRE LOIRE ET VILAINE;;44750;CAMPBON;Non;Loire-Atlantique (44);;Me Aurélie BAUCHET, Me Julien THOMAS;-;2;0;Oui
Me Jean-Christophe MACÉ;;35260;CANCALE;Oui;Ille-et-Vilaine (35);;Me Jean-Christophe MACÉ;Me Cloé BLOTIÈRE;1;1;Oui
Me Yann OLLIVIER;;35260;CANCALE;Oui;Ille-et-Vilaine (35);;Me Yann OLLIVIER;Me Adèle LE BASQUE;1;1;Non
SELARL Mickaël BOUTHEMY;;56910;CARENTOIR;Non;Morbihan (56);;Me Mickaël BOUTHEMY;-;1;0;Oui
SELARL ALLIANCE NOTAIRES DE LA BAIE;;56340;CARNAC;Oui;Morbihan (56);;Me Guillaume de TILLY;-;1;0;Oui
SELARL ALLIANCE NOTAIRES DE LA BAIE;;56340;CARNAC;Oui;Morbihan (56);;Me Séverine CAILLOCE, Me Pierre Olivier ROGEON, Me Elisabeth SÉCHET;-;3;0;Oui
Me Gwenn CORBEL;;56340;CARNAC;Oui;Morbihan (56);;Me Gwenn CORBEL;-;1;0;Oui
SELARL OFFICE NOTARIAL 1803;;44473;CARQUEFOU;Oui;Loire-Atlantique (44);;Me Eric AUDOIRE, Me Antoine BIRGAND, Me Julie BOURGOGNE, Me Anna LE BASTARD, Me Bertrand MARTIN, Me Gildas RASS;Me Julianne HABAULT, Me Julie RENELEAU;6;2;Oui
SELAS VBA NOTAIRES;;44470;CARQUEFOU;Oui;Loire-Atlantique (44);;Me Vincent BAUDELOCQUE;-;1;0;Non
SARL Mevena L'HELIAS et Romain DROSNET;;44470;CARQUEFOU;Oui;Loire-Atlantique (44);;Me Romain DROSNET, Me Mevena L'HELIAS;-;2;0;Non
LAW-RIANT, Notaires Associés;;56850;CAUDAN;Non;Morbihan (56);;Me Caroline PÉPION;-;1;0;Oui
SELARL Anne LAUBE, Pierre LHOMME & Marc DELMAS;;22350;SAINT CAST LE GUILDO;Oui;Côtes-d’Armor (22);;Me Anne LAUBE, Me Pierre LHOMME;Me Virginie DUFEIL, Me Jeanne LERAY;2;2;Oui
Me Anne-Sophie LOUIS;;35510;CESSON SEVIGNE;Oui;Ille-et-Vilaine (35);;Me Anne-Sophie LOUIS;-;1;0;Non
Me Emmanuelle PHILIPPOT;;35510;CESSON SEVIGNE;Oui;Ille-et-Vilaine (35);;Me Emmanuelle PHILIPPOT;-;1;0;Oui
SAS LEXONOT - Me Aurore GUIHARD;;35510;CESSON SEVIGNE;Oui;Ille-et-Vilaine (35);;Me Aurore GUIHARD;-;1;0;Non
SELARL Office Sabine LELOGEAIS - Hélène DALIBERT-PLOUSEAU;;35510;CESSON SEVIGNE;Oui;Ille-et-Vilaine (35);;Me Hélène DALIBERT-PLOUSEAU, Me Sabine LELOGEAIS;-;2;0;Non
SELARL Typhenn MENGER BELLEC;;35517;CESSON SEVIGNE;Oui;Ille-et-Vilaine (35);;Me Typhenn MENGER BELLEC;-;1;0;Oui
SAS BRMG NOTAIRES;;35512;CESSON SEVIGNE;Oui;Ille-et-Vilaine (35);;Me Laurent BERNADAC, Me Sébastien MIET, Me Nathalie ROBERT;-;3;0;Oui
SCP TRENTE CINQ NOTAIRES;;35135;CHANTEPIE;Non;Ille-et-Vilaine (35);;Me Sophie SONNET;-;1;0;Non
SAS BRMG NOTAIRES - Me Aude LEFEUVRE;;35135;CHANTEPIE;Non;Ille-et-Vilaine (35);;Me Aude LEFEUVRE;-;1;0;Non
SELARL NEONOT;;35571;CHANTEPIE;Non;Ille-et-Vilaine (35);;Me Gaëlle BUNEL;-;1;0;Oui
SAS OFFICE DU CARRÉ Notaires;;35131;CHARTRES DE BRETAGNE;Non;Ille-et-Vilaine (35);;Me Yves de LANGLOIS;-;1;0;Oui
SELARL EMC NOTAIRES;;35220;CHATEAUBOURG;Non;Ille-et-Vilaine (35);;Me Nicolas MÉVEL;Me Adeline PAUMARD;1;1;Oui
Me Antoine COMBE;;44110;CHATEAUBRIANT;Non;Loire-Atlantique (44);;Me Antoine COMBE;-;1;0;Oui
SELARL Alain HUNAULT;;44110;CHATEAUBRIANT;Non;Loire-Atlantique (44);;Me Alain HUNAULT;Me Aude DEBROIZE-VILOCET, Me Benoit HUNAULT;1;2;Oui
SCP Guillaume JOSSO;;44142;CHATEAUBRIANT;Non;Loire-Atlantique (44);;Me Guillaume JOSSO;Me Ernest THIAW;1;1;Oui
SAS FIDELIS NOTAIRES;;35410;CHATEAUGIRON;Non;Ille-et-Vilaine (35);;Me Guillaume DE FRESSE DE MONVAL, Me Aude DE RATULD-LABIA, Me Eric DETCHESSAHAR;Me Léa CLAUZADE-ROBERT;3;1;Oui
SARL Bertrand LE MOGUEDEC et Jérome GONZALEZ;;35410;CHATEAUGIRON;Non;Ille-et-Vilaine (35);;Me Jérome GONZALEZ, Me Bertrand LE MOGUEDEC;Me Anne RUBIN;2;1;Oui
SAS PRADO et associé;;35430;CHATEAUNEUF D'ILLE ET VILAINE;Non;Ille-et-Vilaine (35);;Me Vincent PRADO;Me Rachel CHOMETON, Me Solenne JAMAULT-PICARD;1;2;Oui
SCP Marie-Christine ROLLAND et Vincent DÉREL;;22170;CHATELAUDREN;Non;Côtes-d’Armor (22);;Me Vincent DÉREL, Me Marie-Christine ROLLAND;-;2;0;Oui
SELARL Ariane JOUET, Notaire;;22170;CHATELAUDREN-PLOUAGAT;Non;Côtes-d’Armor (22);;Me Ariane GAULT-JOUET;Me Sophie PAQUAY;1;1;Oui
SELARL NOT'OUEST;;35310;CHAVAGNE;Non;Ille-et-Vilaine (35);;Me Jean-François LE COULS;-;1;0;Non
SELARL OFFICE NOTARIAL DU VIGNOBLE;;44194;CLISSON;Non;Loire-Atlantique (44);;Me Jean MENANTEAU, Me Virginie PÉDRON;Me Marie BAUDU, Me Kévin VISSE;2;2;Oui
SAS Estuaire Notaires;;44192;CLISSON;Non;Loire-Atlantique (44);;Me Christian DEVOS, Me Guillaume ROUILLON, Me Georges TEILLIAIS;Me Céline FAY;3;1;Oui
ETUDE DU MAIL;;35270;COMBOURG;Oui;Ille-et-Vilaine (35);;Me Matthieu BOUYSSONIE, Me Charles LACOURT;-;2;0;Oui
SELARL Corinne JAGAULT-PELERIN et Florence HUPEL-DELAMARRE;;35150;CORPS-NUDS;Non;Ille-et-Vilaine (35);;Me Florence HUPEL-DELAMARRE, Me Corinne JAGAULT-PELERIN;Me Elodie PASSOS PEREIRA, Me Olivier SORAIS;2;2;Oui
SAS ACTORIA NOTAIRES ASSOCIÉS;;44220;COUERON;Non;Loire-Atlantique (44);;Me Pascal MOREAU;-;1;0;Non
SELURL OFFICE NOTARIAL DES BORDS DE LOIRE;;44220;COUERON;Non;Loire-Atlantique (44);;Me Nicolas PAPIN-HOUIS, Me Jérôme TREILLARD;Me Charlotte BERGES;2;1;Oui
Me Céline LE PORT-HERRERO;;56950;CRAC'H;Non;Morbihan (56);;Me Céline LE PORT-HERRERO;-;1;0;Oui
SAS NOTAIRES DE LA BAIE;;22100;DINAN;Oui;Côtes-d’Armor (22);;Me Nadège MENARD-JAMET;-;1;0;Non
SELURL Anne-Sophie GROUSSARD;;22100;DINAN;Oui;Côtes-d’Armor (22);;Me Anne-Sophie GROUSSARD;-;1;0;Oui
SAS LB NOTAIRE;;22100;DINAN;Oui;Côtes-d’Armor (22);;Me Florian LEMOINE;Me Clémence BERGER;1;1;Oui
SAS 1270 NOTAIRES;;22102;DINAN;Oui;Côtes-d’Armor (22);;Me Pierre-Marie CRESPEL, Me Christophe VILLIN;Me Carine BURLOT;2;1;Oui
Me Valerie ALLOT-RANC;;22102;DINAN;Oui;Côtes-d’Armor (22);;Me Valerie ALLOT-RANC;-;1;0;Oui
SELAS LUGAND et ASSOCIÉS;;35800;DINARD;Oui;Ille-et-Vilaine (35);;Me Laurent COZIC, Me François LE DONNANT, Me Hervé LUGAND;-;3;0;Oui
Me Elisabeth BOSSIS;;35800;DINARD;Oui;Ille-et-Vilaine (35);;Me Elisabeth BOSSIS;-;1;0;Non
SCP David SECHE et Guillaume BORDIER;;35120;DOL DE BRETAGNE;Non;Ille-et-Vilaine (35);;Me Guillaume BORDIER, Me David SECHE;Me Samya BELAN;2;1;Oui
VIVIEN & Associés;;56250;ELVEN;Non;Morbihan (56);;Me Frédéric VIVIEN;Me Armelle CHATARD, Me Aude PHILIPPE;1;2;Oui
SCP Anne Sophie JEGOUREL et Yann BLANCHARD;;56410;ERDEVEN;Non;Morbihan (56);;Me Yann BLANCHARD, Me Anne-Sophie JEGOUREL;-;2;0;Oui
SCP Soizick TROTEL et Florent GICQUEL;;22430;ERQUY;Non;Côtes-d’Armor (22);;Me Florent GICQUEL, Me Soizick TROTEL;Me Nathalie MICHEL, Me Carine MONTOUX, Me Philippe RENAUT;2;3;Oui
SARL Stéphane FRÉTIGNÉ et Nicolas BOSQUET;;22680;ETABLES SUR MER;Non;Côtes-d’Armor (22);;Me Nicolas BOSQUET, Me Stéphane FRÉTIGNÉ;Me Julie IDASIAK;2;1;Oui
SELARL PANSART ET ASSOCIES;;22630;EVRAN;Non;Côtes-d’Armor (22);;Me Régis PANSART, Me Paul PANSART;-;2;0;Oui
SCP Yannick BARQ et Sandrine DEBIERRE;;44130;FAY DE BRETAGNE;Non;Loire-Atlantique (44);;Me Yannick BARQ, Me Sandrine DEBIERRE;Me Anne-Frédérique PRIOU;2;1;Oui
SELARL Michel FOUCAULT;;56120;FORGES DE LANOUEE;Non;Morbihan (56);;Me Michel FOUCAULT;Me Sandrine VAQUETTE;1;1;Non
Me Anastasia MOREAU;;35300;FOUGERES;Non;Ille-et-Vilaine (35);;Me Anastasia MOREAU;-;1;0;Non
Me Christophe BARBIER;;35304;FOUGERES;Non;Ille-et-Vilaine (35);;Me Christophe BARBIER;Me Patricia BANNIER;1;1;Oui
SELARL Bastien BLANCHET;;35302;FOUGERES;Non;Ille-et-Vilaine (35);;Me Bastien BLANCHET;Me Aurélia BLANCHET;1;1;Oui
SELARL Laurence CHEFTEL;;35301;FOUGERES;Non;Ille-et-Vilaine (35);;Me Laurence CHEFTEL;-;1;0;Oui
SAS OFFICE DU CARRE - NOTAIRES - LES REMPARTS;;35303;FOUGERES;Non;Ille-et-Vilaine (35);;Me Pauline JOSSELIN;-;1;0;Oui
SELARL RIGAUD & SEIGNARD - NOTAIRES ASSOCIES;;44320;FROSSAY;Non;Loire-Atlantique (44);;Me Fabrice RIGAUD, Me Angélique SEIGNARD;Me Sylvie SABATIER;2;1;Non
Me Jonathan BUTEL;;35850;GEVEZE;Non;Ille-et-Vilaine (35);;Me Jonathan BUTEL;-;1;0;Non
SELARL NOTAIRE PARTENAIRE;;56110;GOURIN;Non;Morbihan (56);;Me Caroline LE MEUR, Me Géraldine TOUZÉ;Me Bernard DESPORTES;2;1;Oui
SCP Florent MICHAUT et Valérie MICHAUT-LESURTEL;;56390;GRAND CHAMP;Non;Morbihan (56);;Me Florent MICHAUT, Me Valérie MICHAUT-LESURTEL;Me Caroline BARBIER-MAUGER;2;1;Non
SARL NOVACTE;;56390;GRAND CHAMP;Non;Morbihan (56);;Me Anne-Sophie GILLET, Me Antoine GILLET;-;2;0;Non
SELARL Marie-Alix LENGLART-LE BEC, Antoine TEITGEN et Matthieu GENTILS;;44119;GRANDCHAMPS DES FONTAINES;Non;Loire-Atlantique (44);;Me Marie-Alix LENGLART-LE BEC;Me Cécile BOQUIEN-VIGNON;1;1;Non
SELARL Marine JANVIER, NOTAIRE;;44290;GUEMENE PENFAO;Non;Loire-Atlantique (44);;Me Marine JANVIER;Me Paméla BOSSARD;1;1;Oui
SELARL Olivier ARENS, Danièle PERON et Arnaud LEDAN;;56160;GUEMENE SUR SCORFF;Non;Morbihan (56);;Me Olivier ARENS, Me Danièle PERON;Me Anaïs BRIT, Me Virginie PICHAUD;2;2;Oui
SARL 356 NOTAIRES - Me SABOT et Me FENIOU;;56382;GUER;Non;Morbihan (56);;Me Sandrine FENIOU-SABOT;Me Axel de RAGUENEL de MONTMOREL;1;1;Oui
Me Nathalie FEGHALI;;44350;GUERANDE;Oui;Loire-Atlantique (44);;Me Nathalie FEGHALI;-;1;0;Non
SCP Mathieu BOHUON et Charles-Edouard BOISVIEUX;;44351;GUERANDE;Oui;Loire-Atlantique (44);;Me Mathieu BOHUON, Me Charles-Edouard BOISVIEUX;Me Stéphanie GUILBAULT, Me Héloïse HAMARD, Me Anne NIGET;2;3;Oui
SCP OFFICE DES VALLONS DE VILAINE;;35580;GUICHEN;Non;Ille-et-Vilaine (35);;Me Guillaume de POULPIQUET de BRESCANVEL, Me Olivier BRANELLEC, Me Gatien-Marie PINGUET;-;3;0;Oui
Me Clémence WISSOCQ;;56520;GUIDEL;Non;Morbihan (56);;Me Clémence WISSOCQ;-;1;0;Oui
SARL NOTAIRE CONSEIL OCEAN;;56520;GUIDEL;Non;Morbihan (56);;Me Pierre CAUSERET;-;1;0;Non
Me Jean-Marc BARENTON;;22200;GUINGAMP;Non;Côtes-d’Armor (22);;Me Jean-Marc BARENTON;-;1;0;Oui
SCP Mickaël BERTHO et Sophie MONOT-BERTHO;;22200;GUINGAMP;Non;Côtes-d’Armor (22);;Me Mickaël BERTHO, Me Sophie MONOT-BERTHO;-;2;0;Oui
SELARL JULIEN-PIERRE GLÉRON & ASSOCIÉS, NOTAIRES;;22203;GUINGAMP;Non;Côtes-d’Armor (22);;Me Julien-Pierre GLERON, Me Laurence LE VEN;Me Christophe LETORT;2;1;Oui
Mes Sophie CROUAN-BLIN et Vincent BLIN;;35480;GUIPRY-MESSAC;Non;Ille-et-Vilaine (35);;Me Vincent BLIN, Me Sophie CROUAN;-;2;0;Oui
SELARL Noémie BIDAUD Notaire;;56560;GUISCRIFF;Non;Morbihan (56);;Me Noémie BIDAUD;-;1;0;Oui
Me Marie-Christine LAURENT;;44115;HAUTE GOULAINE;Non;Loire-Atlantique (44);;Me Marie-Christine LAURENT;-;1;0;Non
SELARL Mathieu NGUYEN Notaire;;35630;HEDE-BAZOUGES;Non;Ille-et-Vilaine (35);;Me Mathieu NGUYEN;-;1;0;Oui
SELARL NOTAIRES BLAVET OCEAN;;56703;HENNEBONT;Non;Morbihan (56);;Me Bruno FISCHER, Me Elodie NIFOU, Me Estelle PEGOURIER-FISCHER;Me Séverine PERROT;3;1;Oui
LAW-RIANT, Notaires Associés;;56701;HENNEBONT;Non;Morbihan (56);;Me Julien GUENNEC, Me Caroline LAUDREN;-;2;0;Oui
SELARL GUIHARD DICECCA Notaires;;44410;HERBIGNAC;Non;Loire-Atlantique (44);;Me Jérémy DICECCA, Me Catherine GUIHARD;Me Alexandre GUIHARD, Me Margaux GUIHARD, Me Florence MAIGNAN;2;3;Oui
SCP Erwan GASCHIGNARD;;44810;HERIC;Non;Loire-Atlantique (44);;Me Erwan GASCHIGNARD;Me Julie MACAULT, Me Marie MANCEAU-IDOUX;1;2;Oui
Me Yves-Noël BARDOUL;;44610;INDRE;Non;Loire-Atlantique (44);;Me Yves-Noël BARDOUL;Me François HUTCHINS;1;1;Oui
Me M. ROBERT;;56650;INZINZAC LOCHRIST;Non;Morbihan (56);;Me M. ROBERT;-;1;0;Non
SELARL DALILA CARO, NOTAIRE;;56650;INZINZAC LOCHRIST;Non;Morbihan (56);;Me Dalila CARO;-;1;0;Oui
SCP Pierik ANDRE et Florent BRANELLEC;;35150;JANZE;Non;Ille-et-Vilaine (35);;Me Pierik ANDRE, Me Florent BRANELLEC;Me Stéphanie CHARRON, Me Charlène ERMINE;2;2;Oui
SARL Magali TUR-ATHIEL et Fanny LE HER COIFFEC;;56700;KERVIGNAC;Non;Morbihan (56);;Me Fanny LE HER COIFFEC, Me Magali TUR-ATHIEL;-;2;0;Oui
Me Bérénice CLARIN;;35590;L'HERMITAGE;Non;Ille-et-Vilaine (35);;Me Bérénice CLARIN;-;1;0;Oui
SAS NOT'ATLANTIQUE SASSIER;;44500;LA BAULE ESCOUBLAC;Oui;Loire-Atlantique (44);;Me Pierre SASSIER;-;1;0;Non
SELAS VH 15 NOTAIRES - PARIS LA BAULE;;44500;LA BAULE ESCOUBLAC;Oui;Loire-Atlantique (44);;Me Marc FRIEDRICH;-;1;0;Non
SARL Clémence DUFOUR;;44500;LA BAULE ESCOUBLAC;Oui;Loire-Atlantique (44);;Me Clémence DUFOUR;Me Géraldine DUCHATELLE;1;1;Non
SELARL Lucile ESSIRARD, NOTAIRE ASSOCIÉE;;44500;LA BAULE ESCOUBLAC;Oui;Loire-Atlantique (44);;Me Lucile ESSIRARD;-;1;0;Non
SCP Notaires Presqu'île associés;;44500;LA BAULE ESCOUBLAC;Oui;Loire-Atlantique (44);;Me Jean-Vincent LUCAS, Me Frédéric PHAN THANH, Me Eric SIMON-MICHEL, Me Philippe TABOURDEAU-CARPENTIER, Me Christophe VIGUIER;Me Maud CORDUAN, Me Christelle COSSADE, Me Marina SARRAZIN, Me Alban VU DINH;5;4;Oui
SARL TREILLARD et Associés, Notaires;;44503;LA BAULE ESCOUBLAC;Oui;Loire-Atlantique (44);;Me Pierre-André TREILLARD, Me Marie VINET-TREILLARD;Me Anne-Gaëlle DHONNEUR, Me Jérôme PLANQUE;2;2;Oui
SARL CAP NOTAIRES;;35520;LA CHAPELLE DES FOUGERETZ;Non;Ille-et-Vilaine (35);;Me Emmanuelle CROSSOIR, Me Gwénaëlle KOMAROFF-BOULCH;Me Julie TAHON;2;1;Oui
SELAS Philippe BRETIN;;44240;LA CHAPELLE SUR ERDRE;Non;Loire-Atlantique (44);;Me Philippe BRETIN;Me Elise GRONDIN;1;1;Non
SELAS OFFICE DU CARRÉ-NOTAIRES RIVES DE L'ERDRE;;44240;LA CHAPELLE SUR ERDRE;Non;Loire-Atlantique (44);;Me Julie LECUYER-LIRET;-;1;0;Non
SELARL Marie-Alix LENGLART-LE BEC, Antoine TEITGEN et Matthieu GENTILS;;44243;LA CHAPELLE SUR ERDRE CX;Non;Loire-Atlantique (44);;Me Matthieu GENTILS, Me Antoine TEITGEN;Me Margaux PIERRE-BRUNNER;2;1;Oui
SARL Anne-Claire BLOCK, notaire;;44118;LA CHEVROLIERE;Non;Loire-Atlantique (44);;Me Anne-Claire BLOCK;-;1;0;Non
Me Julie LE FLOCH;;56204;LA GACILLY;Non;Morbihan (56);;Me Julie LE FLOCH;-;1;0;Oui
SELARL Pascal ODY et Corentine ODY-AUDRAIN;;35130;LA GUERCHE DE BRETAGNE;Non;Ille-et-Vilaine (35);;Me Pascal ODY, Me Corentine ODY-AUDRAIN;-;2;0;Oui
Me Caroline ARNAUD DE FOIARD;;44690;LA HAIE FOUASSIERE;Non;Loire-Atlantique (44);;Me Caroline ARNAUD DE FOIARD;-;1;0;Non
Me Karine PANSARD;;35520;LA MEZIERE;Non;Ille-et-Vilaine (35);;Me Karine PANSARD;-;1;0;Oui
SAS AGEA notaires;;44620;LA MONTAGNE;Non;Loire-Atlantique (44);;Me Caroline GUILLOUX-EAS;-;1;0;Non
SARL NATHALIE GUILLET - NOTAIRE;;44770;LA PLAINE SUR MER;Non;Loire-Atlantique (44);;Me Nathalie GUILLET;-;1;0;Oui
SELARL Line LEGOFF et Tangui LE CALVEZ BERTHELEME;;56130;LA ROCHE BERNARD;Non;Morbihan (56);;Me Tangui LE CALVEZ BERTHELEME, Me Line LEGOFF;-;2;0;Oui
SELARL OFFICE NOTARIAL ROCHOIS-CAVANAIS;;22450;LA ROCHE DERRIEN;Non;Côtes-d’Armor (22);;Me Emmanuelle BAUDIN-LE NORMAND, Me Jean-Christophe LANDOUAR, Me Alain LE MONIER;Me Sophie MOAL;3;1;Oui
SELARL Alison FROSTIN et Laurent DUROS, Notaires associés;;22400;LAMBALLE;Oui;Côtes-d’Armor (22);;Me Laurent DUROS, Me Alison FROSTIN;-;2;0;Oui
SAS NOTAIRES DE LA BAIE;;22400;LAMBALLE;Oui;Côtes-d’Armor (22);;Me Florian MORIN;-;1;0;Non
SAS 1270 NOTAIRES;;22405;LAMBALLE;Oui;Côtes-d’Armor (22);;Me Florence AILLET, Me François MORVAN, Me Malo TESTARD;-;3;0;Oui
SAS 1270 NOTAIRES;;22400;LAMBALLE;Oui;Côtes-d’Armor (22);;Me Angélika RENAULT-JACOB;-;1;0;Non
SELARL GABRIELLE CHABOT & GAELLE GRAGNIC;;56600;LANESTER;Non;Morbihan (56);;Me Gabrielle CHABOT, Me Gaelle GRAGNIC;-;2;0;Oui
SAS RABASTE LE BELLER PARCHEMINER, Notaires;;56601;LANESTER;Non;Morbihan (56);;Me Rozenn LE BELLER, Me Aurélie PARCHEMINER, Me Simon RABASTE;-;3;0;Oui
Me Yann LE LEVIER;;22360;LANGUEUX;Non;Côtes-d’Armor (22);;Me Yann LE LEVIER;Me Marion BOUILLON;1;1;Oui
SELARL NOTALEX 22;;22360;LANGUEUX;Non;Côtes-d’Armor (22);;Me Amaury de CHABOT;-;1;0;Non
SELARL Hélène BOUTET et Morgane LE NÉZET;;56440;LANGUIDIC;Non;Morbihan (56);;Me Hélène BOUTET, Me Morgane LE NÉZET;-;2;0;Oui
SELARL Sylvie GUICHARD;;22300;LANNION;Non;Côtes-d’Armor (22);;Me Sylvie JULIEN-GUICHARD;-;1;0;Oui
LEGISTEAM TREGOR - Mes Kristell GUILLOUX et Alban VOURRON;;22300;LANNION;Non;Côtes-d’Armor (22);;Me Kristell GUILLOUX, Me Alban VOURRON;-;2;0;Oui
Me Dominique MARZIN;;22300;LANNION;Non;Côtes-d’Armor (22);;Me Dominique MARZIN;-;1;0;Oui
Me Aimeric STALTER;;22303;LANNION;Non;Côtes-d’Armor (22);;Me Aimeric STALTER;Me Audrey NARQUIN;1;1;Oui
Me Anne GANNAT;;22290;LANVOLLON;Non;Côtes-d’Armor (22);;Me Anne GANNAT;Me Gildas PICHOT DU MEZERAY, Me François TANGUY;1;2;Oui
LAW-RIANT, Notaires Associés;;56260;LARMOR PLAGE;Non;Morbihan (56);;Me Soazig GENEVISSE-HÉNAFF;-;1;0;Non
SELARL OFFICE NOTARIAL PORTE DES INDES;;56260;LARMOR PLAGE;Non;Morbihan (56);;Me Guillaume BRETON;-;1;0;Oui
LAW-RIANT, Notaires Associés;;56320;LE FAOUET;Non;Morbihan (56);;Me Sylvie GERMAIN;-;1;0;Oui
SELARL Sophie MINIER-MARTIN et Gaëlle RICORDEL;;44430;LE LOROUX BOTTEREAU;Non;Loire-Atlantique (44);;Me Sophie MINIER-MARTIN, Me Gaëlle RICORDEL;-;2;0;Oui
SARL LELOUP BODIN CARDINAL notaires à BELLE-ILE-EN-MER;;56360;LE PALAIS;Non;Morbihan (56);;Me Marie BODIN, Me Alexandre CARDINAL, Me Elisabeth LELOUP;-;3;0;Oui
SELARL OFFICE NOTARIAL DU VIGNOBLE;;44330;LE PALLET;Non;Loire-Atlantique (44);;Me Samuel BREVET;-;1;0;Oui
SAS AGEA NOTAIRES;;44640;LE PELLERIN;Non;Loire-Atlantique (44);;Me Jean-Louis ALLANIC, Me Xavier AUNEAU;Me Marion LOCQUET, Me Odile ROBINI;2;2;Oui
Me Marie-Aude QUERARD;;44510;LE POULIGUEN;Oui;Loire-Atlantique (44);;Me Marie-Aude QUERARD;-;1;0;Non
SELARL BMV Notaires;;35650;LE RHEU;Non;Ille-et-Vilaine (35);;Me Marie-Aude DE BODMAN, Me Catherine MENANTEAU-VAILHEN;-;2;0;Oui
SELARL NOT'OUEST;;35651;LE RHEU;Non;Ille-et-Vilaine (35);;Me Laurent L'HOTELLIER, Me Annabelle LAIRIE VILLAIN;-;2;0;Oui
Me Marie ODUIN CHAILLOT;;44360;LE TEMPLE DE BRETAGNE;Non;Loire-Atlantique (44);;Me Marie ODUIN CHAILLOT;-;1;0;Non
SCP Sandra BASLÉ et Fabienne VERRIEZ;;35133;LECOUSSE;Non;Ille-et-Vilaine (35);;Me Sandra BASLÉ, Me Fabienne VERRIEZ;-;2;0;Oui
SELARL Christèle DAVODEAU - Anthony DUVAL;;44650;LEGE;Non;Loire-Atlantique (44);;Me Christèle DAVODEAU, Me Anthony DUVAL;-;2;0;Oui
SCP Laëtitia BERNAERT-GROHARD et Pierre POUSSIER;;44760;LES MOUTIERS EN RETZ;Non;Loire-Atlantique (44);;Me Pierre POUSSIER;-;1;0;Non
SARL Caroline OGER & Elodie BUREAU, Notaires associées;;44840;LES SORINIERES;Non;Loire-Atlantique (44);;Me Elodie BUREAU, Me Caroline OGER;Me Laurent BRETÉCHÉ;2;1;Oui
Me Antoine PIPET;;44840;LES SORINIERES;Non;Loire-Atlantique (44);;Me Antoine PIPET;-;1;0;Non
AP NOTAIRES;;35341;LIFFRE;Non;Ille-et-Vilaine (35);;Me Nadège GUIMONT, Me Gwendal TEXIER;Me Anne-Elisabeth RABAGLIA;2;1;Oui
SELURL Médéric BORDELAIS;;44850;LIGNE;Non;Loire-Atlantique (44);;Me Médéric BORDELAIS;-;1;0;Oui
SELARL JULIEN ET DIANE TOSTIVINT, NOTAIRES ASSOCIES;;56500;LOCMINE;Non;Morbihan (56);;Me Diane TOSTIVINT, Me Julien TOSTIVINT;-;2;0;Oui
SARL KERRAND & BODIN;;56500;LOCMINE;Non;Morbihan (56);;Me Patricia BODIN, Me Philippe KERRAND;Me Constance COUTAREL;2;1;Oui
SCP Yannick THEBAULT et Jérôme ARRONDEL;;44370;LOIREAUXENCE;Non;Loire-Atlantique (44);;Me Jérôme ARRONDEL, Me Yannick THEBAULT;-;2;0;Oui
SARL GRAND LARGE - NOTAIRES ASSOCIE;;56100;LORIENT;Non;Morbihan (56);;Me Marine GUILLOT, Me Brice LE BERRE;-;2;0;Non
LAW-RIANT, Notaires Associés;;56100;LORIENT;Non;Morbihan (56);;Me Anne BOUCHER;-;1;0;Oui
LAW-RIANT, Notaires Associés;;56100;LORIENT;Non;Morbihan (56);;Me Anne-Gaëlle PANSART-CHAPELIN;-;1;0;Oui
SAS OFFICE NOTARIAL LE TALLEC;;56100;LORIENT;Non;Morbihan (56);;Me Emilien LE TALLEC;Me Marie-Line PEDRON;1;1;Non
SARL MVL NOTAIRE;;56100;LORIENT;Non;Morbihan (56);;Me Valérie LECOINTE, Me Matthias VANSTEENBERGHE;-;2;0;Non
SELARL LANCELOT NOTAIRES;;56102;LORIENT;Non;Morbihan (56);;Me François-Gilles LANCELOT, Me Emmanuelle LANCELOT;-;2;0;Oui
SELARL OFFICE NOTARIAL PORTE DES INDES;;56103;LORIENT;Non;Morbihan (56);;Me Pierre LE CAGNEC, Me Barbara LE DORZE-SARR, Me Mathilde TERSIGUEL;Me Clémence LE RIGOLEUR;3;1;Oui
SELARL RÉMI PARTIOT, NOTAIRE;;22700;LOUANNEC;Non;Côtes-d’Armor (22);;Me Remi PARTIOT;Me Marlène VILLENEUVE;1;1;Oui
SELARL NOT'ARMOR;;22600;LOUDEAC;Non;Côtes-d’Armor (22);;Me Nicolas OUVRARD;-;1;0;Oui
SCP Ionela BARON et Valérie HUITEL;;22600;LOUDEAC;Non;Côtes-d’Armor (22);;Me Ionela BARON, Me Valérie HUITEL;-;2;0;Oui
SELURL Nadège KRETZ-FAUCHEUX;;35680;LOUVIGNE DE BAIS;Non;Ille-et-Vilaine (35);;Me Nadège KRETZ-FAUCHEUX;-;1;0;Oui
SELARL Nicolas LEPAGE, Notaire associé;;35420;LOUVIGNE DU DESERT;Non;Ille-et-Vilaine (35);;Me Nicolas LEPAGE;-;1;0;Oui
SELARL MARCHAND - CANDIA - FREUCHET, NOTAIRES;;44270;MACHECOUL;Non;Loire-Atlantique (44);;Me Nolwenn FREUCHET, Me Marie-Astrid MARCHAND, Me Pascale MARGARIT-CANDIA;Me Gersende SARRIEAU;3;1;Oui
SELARL Jean BERTIN;;44270;MACHECOUL;Non;Loire-Atlantique (44);;Me Jean BERTIN;-;1;0;Oui
SELARL COB JURIS;;22340;MAEL CARHAIX;Non;Côtes-d’Armor (22);;Me Virginie RENAULT;Me Sophie SCHWEIGHOFFER;1;1;Oui
SELARL W NOTAIRES : Violaine GOUDAL, Vincent DE BAETS & Marion FRESNEAU-DEVERS, Notaires Associés;;35460;MAEN ROCH;Non;Ille-et-Vilaine (35);;Me Vincent DE BAETS, Me Marion FRESNEAU-DEVERS, Me Violaine GOUDAL;-;3;0;Oui
SCP Marie-Françoise JEGOU;;35460;MAEN ROCH;Non;Ille-et-Vilaine (35);;Me Marie-Françoise JEGOU;Me Corinne BLANCHARD;1;1;Non
SELARL OFFICE NOTARIAL DE MALESTROIT;;56140;MALESTROIT;Non;Morbihan (56);;Me Christian LAROZE, Me Fabienne LE BORGNE;-;2;0;Oui
SELARL LES NOTAIRES DU LITTORAL;;22550;MATIGNON;Oui;Côtes-d’Armor (22);;Me Jérôme TEXIER;Me Virginie HATTON;1;1;Oui
SELARL Armel BOUTHÉMY, NOTAIRE;;35330;MAURE DE BRETAGNE;Non;Ille-et-Vilaine (35);;Me Armel BOUTHÉMY;-;1;0;Non
SELARL NOT'TERRES DE BROCELIANDE;;56430;MAURON;Non;Morbihan (56);;Me Dominique BINARD;Me Myriam BINARD-RENO;1;1;Oui
SELARL ROMAIN LAVEIX NOTAIRE;;35520;MELESSE;Non;Ille-et-Vilaine (35);;Me Romain LAVEIX;-;1;0;Oui
Me Katia BRUN;;22230;MERDRIGNAC;Non;Côtes-d’Armor (22);;Me Katia BRUN;-;1;0;Oui
SARL CLOSSAIS & Associés, Notaires;;35720;MESNIL-ROC'H;Non;Ille-et-Vilaine (35);;Me Alain CLOSSAIS, Me Maël CLOSSAIS;-;2;0;Oui
SELARL NOTAIRES DU GRAND SAINT-MALO - Laurence CHEVALIER-MOUSSON, Cédric FRESSENON;;35540;MINIAC MORVAN;Non;Ille-et-Vilaine (35);;Me Laurence CHEVALIER-MOUSSON, Me Cédric FRESSENON;-;2;0;Oui
SELAS ENTRE LOIRE ET VILAINE;;44780;MISSILLAC;Non;Loire-Atlantique (44);;Me Arnaud PEREZ;-;1;0;Oui
SELARL L & P NOTAIRES;;44520;MOISDON LA RIVIERE;Non;Loire-Atlantique (44);;Me Tara PASCALINE;-;1;0;Oui
SAS PINSON - EON;;35360;MONTAUBAN DE BRETAGNE;Non;Ille-et-Vilaine (35);;Me Rosine DENIEL, Me Philippe EON, Me Christian LOGEAIS, Me Philippe PINSON;Me Marion MALLINJOD, Me Emilie ROLLAND;4;2;Oui
Me Victoria RAMBEAU;;35160;MONTFORT SUR MEU;Non;Ille-et-Vilaine (35);;Me Victoria RAMBEAU;-;1;0;Non
SAS MSVM;;35160;MONTFORT SUR MEU;Non;Ille-et-Vilaine (35);;Me Géraud MOINS, Me Béatrice VACHON;Me Mélanie LE GUIL;2;1;Oui
SARL CR NOTAIRES;;35760;MONTGERMONT;Non;Ille-et-Vilaine (35);;Me Coralie-Alexandra CORNUAULT, Me Benjamin ROUMIEUX;-;2;0;Non
SELARL Cécile PINSON-SIBILLOTTE & Alban SIBILLOTTE;;35310;MORDELLES;Non;Ille-et-Vilaine (35);;Me Cécile PINSON-SIBILLOTTE, Me Alban SIBILLOTTE;-;2;0;Oui
Me Eric ROUSSEAU;;22530;MUR DE BRETAGNE;Non;Côtes-d’Armor (22);;Me Eric ROUSSEAU;-;1;0;Non
SELARL Cédric BEAULANDE, Emilie SAUVE-LANCEDIC et Virginie COYAC-JOUANNIC, notaires associés;;56190;MUZILLAC;Non;Morbihan (56);;Me Cédric BEAULANDE, Me Virginie COYAC-JOUANNIC, Me Emilie SAUVE-LANCEDIC;Me Gaëlle LE BLEVEC-SOILEUX;3;1;Oui
SARL PARTHEMA NOTAIRES;;44200;NANTES;Oui;Loire-Atlantique (44);;Me Jean-Brieuc HÉRY, Me Thiphaine LEHUÉDÉ;-;2;0;Non
SELARL Camille LESCAUDEY DE MANEVILLE;;44000;NANTES;Oui;Loire-Atlantique (44);;Me Camille LESCAUDEY  DE  MANEVILLE;-;1;0;Oui
Me Morgane MARTIN;;44100;NANTES;Oui;Loire-Atlantique (44);;Me Morgane MARTIN;-;1;0;Non
SARL MERCIER & LOBIES, Notaires Associés;;44200;NANTES;Oui;Loire-Atlantique (44);;Me Florence MERCIER, Me Thomas LOBIES;-;2;0;Non
SARL OFFICE DU DÔME;;44100;NANTES;Oui;Loire-Atlantique (44);;Me Guenaël BAUD, Me Jean-Charles HABAULT, Me Florent LEFEUVRE, Me Grégoire MITRY, Me Vincent POIRAUD;Me Marie-Catherine BEGOUEN DEMEAUX, Me Charlotte BOCQUET, Me Pauline BOURGY-BUSSON, Me Manon CADI, Me Anne DURAND-PERDRIEL, Me Jean-Baptiste FOURRÉ, Me Nathalie GUYON-FOURAGE, Me Diane MATEU PASTOR;5;8;Non
SELARL MECHAIN & PROUTEAU - NOTAIRES ASSOCIES;;44000;NANTES;Oui;Loire-Atlantique (44);;Me Xavier-Jacques MÉCHAIN, Me Florent PROUTEAU;-;2;0;Non
SARL PJS NOTAIRES;;44000;NANTES;Oui;Loire-Atlantique (44);;Me Julien CAHAREL, Me Sébastien CHIARELLI, Me Léa LHERMITTE;-;3;0;Non
SAS RL&A NOTAIRES ASSOCIES;;44000;NANTES;Oui;Loire-Atlantique (44);;Me Astrid ARCHAMBAULT, Me Jérôme RICHARD DE LATOUR;-;2;0;Non
Me François ROSSIGNOL;;44000;NANTES;Oui;Loire-Atlantique (44);;Me François ROSSIGNOL;-;1;0;Non
SAS SEVEN NOTAIRES;;44000;NANTES;Oui;Loire-Atlantique (44);;Me Romain MAGANA;Me Léa LEFEVRE, Me Anaïs MERCIER;1;2;Non
Me Anne TOQUET;;44300;NANTES;Oui;Loire-Atlantique (44);;Me Anne TOQUET;-;1;0;Non
Me Julie VERDELHAN;;44000;NANTES;Oui;Loire-Atlantique (44);;Me Julie VERDELHAN;-;1;0;Non
SARL OFFICE JULES VERNE;;44300;NANTES;Oui;Loire-Atlantique (44);;Me Florence JOURNÉ, Me Anne TILLETTE DE CLERMONT-TONNER;-;2;0;Non
Me Jeanne YVON;;44000;NANTES;Oui;Loire-Atlantique (44);;Me Jeanne YVON;-;1;0;Non
SARL Mickaël LAINÉ et Hélène CHEVESTRIER;;44000;NANTES;Oui;Loire-Atlantique (44);;Me Mickaël LAINÉ;-;1;0;Non
Me Leïla BILLER;;44000;NANTES;Oui;Loire-Atlantique (44);;Me Leïla BILLER;-;1;0;Non
SAS LES NOUVEAUX NOTAIRES NANTAIS;;44000;NANTES;Oui;Loire-Atlantique (44);;Me Maud BILLY, Me François HULLIN;-;2;0;Non
SELAS Office notarial Emmanuel BOURMALO et Antoine ROUX;;44000;NANTES;Oui;Loire-Atlantique (44);;Me Emmanuel BOURMALO, Me Antoine ROUX;Me Nathalie COUPEL-GOUVARD;2;1;Non
SARL STRATEIA Notaires;;44000;NANTES;Oui;Loire-Atlantique (44);;Me Jean GASTÉ, Me Johann QUEINNEC;Me Matthias RIO;2;1;Non
SELARL Thierry THOMAS, Arnaud HOUIS, Arnaud GIRARD, Marie-Virginie DURAND, Pierre VILLATTE, Cécile BAUD-MILLET et Emmanuelle RICO-CARIO;;44100;NANTES;Oui;Loire-Atlantique (44);;Me Julie BRÉMENT;-;1;0;Non
SARL BTB NOTAIRES ASSOCIES;;44100;NANTES;Oui;Loire-Atlantique (44);;Me Mélanie BORON-TOUSSAINT, Me Justine BRICOUT, Me Jean-Baptiste TOUSSAINT;-;3;0;Non
Me Emilie BUREAU-GLON;;44200;NANTES;Oui;Loire-Atlantique (44);;Me Emilie BUREAU-GLON;-;1;0;Non
Me Palmyre CAVAILLE-TURPEAU;;44100;NANTES;Oui;Loire-Atlantique (44);;Me Palmyre CAVAILLE-TURPEAU;-;1;0;Non
CBL NOTAIRES ASSOCIES;;44000;NANTES;Oui;Loire-Atlantique (44);;Me Alice BACHER, Me Vincent CHAUVEAU, Me Guillaume LE GOFF;-;3;0;Oui
SARL HELENE CHATAL & JULIEN POTTIER, NOTAIRES;;44000;NANTES;Oui;Loire-Atlantique (44);;Me Hélène CHATAL, Me Julien POTTIER;-;2;0;Non
SELARL OFFICE NOTARIAL DALMARD;;44100;NANTES;Oui;Loire-Atlantique (44);;Me Delphine DALMARD;Me Benoît-Philippe DEVILLE, Me Yohann KÉRAVAL;1;2;Non
Me Arnaud DARRACQ;;44100;NANTES;Oui;Loire-Atlantique (44);;Me Arnaud DARRACQ;-;1;0;Non
Aurélie DELMAU et Hélène FARINE, Notaires associées;;44300;NANTES;Oui;Loire-Atlantique (44);;Me Aurélie DELMAU, Me Hélène FARINE;-;2;0;Non
SARL Marion DESVALLÉES, notaire associé;;44000;NANTES;Oui;Loire-Atlantique (44);;Me Marion DESVALLÉES;Me Clément BIHAN-POUDEC;1;1;Non
Me Louise DUPUIS-DELLIÈRE;;44000;NANTES;Oui;Loire-Atlantique (44);;Me Louise DUPUIS-DELLIÈRE;-;1;0;Non
SARL Marine DURAND-CHUPIET et Maxime FRECHE-THIBAUD;;44300;NANTES;Oui;Loire-Atlantique (44);;Me Marine DURAND-CHUPIET, Me Maxime FRECHE-THIBAUD;-;2;0;Non
SAS Estuaire Notaires;;44200;NANTES;Oui;Loire-Atlantique (44);;Me Isabelle GUICHOUX, Me Arnaud TABURET, Me Xavier BOUCHÉ, Me Jean-Marie LEROY, Me Maximilien TRICHEREAU, Me Camille TROUSSET;Me Ségolène BAHUREL, Me Julien BROSSERON, Me Sylvie CHALMEL, Me Julien HÉMERY-PIVARD, Me Catherine PAGET, Me Vanessa PERNOT;6;6;Oui
Me Justine FLAMENT;;44000;NANTES;Oui;Loire-Atlantique (44);;Me Justine FLAMENT;-;1;0;Non
SELAS GROUPE MONASSIER OUEST ATLANTIQUE NOTAIRES;;44000;NANTES;Oui;Loire-Atlantique (44);;Me Xavier FROMENTIN;Me Floriane CHASSÉ;1;1;Oui
SELAS ALTHÉMIS NANTES;;44000;NANTES;Oui;Loire-Atlantique (44);;Me Karine LOUVRIER-MAURIN;-;1;0;Non
Me Brice GUIBERT;;44300;NANTES;Oui;Loire-Atlantique (44);;Me Brice GUIBERT;-;1;0;Non
SELAS VH 15 NOTAIRES - NANTES;;44000;NANTES;Oui;Loire-Atlantique (44);;Me Emilie BUSSON;-;1;0;Non
SELARL Laure HOUGET & Matthieu BOUCARD;;44000;NANTES;Oui;Loire-Atlantique (44);;Me Matthieu BOUCARD, Me Laure HOUGET;-;2;0;Non
SCP François-Xavier JANNIN, Louis-Xavier STARCK et Marc de TERNAY;;44000;NANTES;Oui;Loire-Atlantique (44);;Me Marc de TERNAY, Me François-Xavier JANNIN, Me Louis-Xavier STARCK;-;3;0;Oui
SAS ACTORIA NOTAIRES ASSOCIES;;44003;NANTES;Oui;Loire-Atlantique (44);;Me François BIGEARD, Me Brice GUILLOU, Me Emmanuel RONDEAU;Me Claire HETRU;3;1;Oui
SARL Rodolphe MALCUIT;;44010;NANTES;Oui;Loire-Atlantique (44);;Me Rodolphe MALCUIT;Me Katell LEBEAU;1;1;Oui
SELARL MBN NOTAIRES;;44018;NANTES;Oui;Loire-Atlantique (44);;Me Benoît COUPVENT DES GRAVIERS, Me Marion THEVENIN;Me Nicolas DUBOIS;2;1;Oui
SELARL RICARD & RICHARD NOTAIRES;;44005;NANTES;Oui;Loire-Atlantique (44);;Me Xavier RICARD, Me Paule RICHARD;-;2;0;Oui
SARL DB ASSOCIES;;44021;NANTES;Oui;Loire-Atlantique (44);;Me Patrick DELAUNAY, Me Blandine DELOBEL-BEAUFILS, Me Julien LOSSEC;Me Audrey-Laure KOUOSEU, Me Estelle BEAUDOUX, Me Annelise JÉGU;3;3;Oui
SCP Bertrand BODIN et Luc FAIDHERBE;;44013;NANTES;Oui;Loire-Atlantique (44);;Me Bertrand BODIN, Me Luc FAIDHERBE;Me Elisa DENIAUD;2;1;Non
SCP Frédérique CIRMAN, François TESSIER et Emmanuelle BAGET;;44020;NANTES;Oui;Loire-Atlantique (44);;Me Emmanuelle BAGET, Me Frédérique CIRMAN, Me François TESSIER;Me Marie BARRÉ-LE BRIS, Me Murielle COGNARD;3;2;Non
SELARL Guillaume DEVENYNS, Stéphane BENASLI et Emmanuelle DEXMIER;;44004;NANTES;Oui;Loire-Atlantique (44);;Me Stéphane BENASLI, Me Guillaume DEVENYNS, Me Emmanuelle DEXMIER;Me Emilia BLAIS, Me Pauline TRILLARD-KRAMARZ;3;2;Oui
SARL STRATEIA Notaires;;44020;NANTES;Oui;Loire-Atlantique (44);;Me Corentin BOUVIER, Me Eric FAUVEL, Me Philippe GAUTIER, Me Marion JEZEQUEL WISBEY, Me Gaël LAISIS;Me Sophie CAZENAVE, Me François GAMBERT;5;2;Oui
SELARL KPC NOTAIRES;;44017;NANTES;Oui;Loire-Atlantique (44);;Me Sandra COSSIN, Me Benjamin KUHN, Me Laurence PICART;-;3;0;Oui
SAS Estuaire Notaires;;44262;NANTES;Oui;Loire-Atlantique (44);;Me Patrice WALSH DE SERRANT;Me Aurore GIBOTEAU;1;1;Non
SELAS DEL VALLE LEZIER Ismerie GUEGLIO Marine METAIREAU Barbara;;44187;NANTES;Oui;Loire-Atlantique (44);;Me Ismerie DEL VALLE LEZIER, Me Marine GUEGLIO, Me Barbara MÉTAIREAU;-;3;0;Oui
SELAS GMV Notaires;;44017;NANTES;Oui;Loire-Atlantique (44);;Me Charles-Henri GASCHIGNARD, Me Louis HONORÉ, Me Claire LEYER, Me Pierre MENANTEAU, Me Delphine VOELKER;Me Anne-Flore NOURRISSON, Me Hélène LEMETEYER;5;2;Oui
SELARL Office Notarial du Val d'Erdre;;44390;NORT SUR ERDRE;Non;Loire-Atlantique (44);;Me Clément CHEVALIER, Me Fanny NEVEU-BOURDEAU, Me Joël PENET;-;3;0;Oui
Mes M-P. NICOLAZO, J. NICOLAZO et L. MACE;;35532;NOYAL SUR VILAINE;Non;Ille-et-Vilaine (35);;Me Laura MACÉ, Me Jérôme NICOLAZO, Me Marie-Pascale NICOLAZO;-;3;0;Oui
Me Frédéric CHEYLAT;;35230;ORGERES;Non;Ille-et-Vilaine (35);;Me Frédéric CHEYLAT;-;1;0;Oui
SARL Mickaël LAINÉ et et Hélène CHEVESTRIER;;44700;ORVAULT;Non;Loire-Atlantique (44);;Me Hélène CHEVESTRIER;Me Alexandre BOFFI;1;1;Oui
SARL MG;;44700;ORVAULT;Non;Loire-Atlantique (44);;Me Fanny GÉRARD, Me Hélène MARION;-;2;0;Non
Me Clémence PHALIP;;44700;ORVAULT;Non;Loire-Atlantique (44);;Me Clémence PHALIP;-;1;0;Non
SAS OFFICE NICOLAS, Notaires associés;;44700;ORVAULT;Non;Loire-Atlantique (44);;Me Marie-Armelle NICOLAS, Me Jean-Baptiste NICOLAS;Me Yves BOUDER, Me Déborah NACRY, Me Caroline SLOVÈS;2;3;Oui
Me Céline MAHKOVEC;;35740;PACE;Non;Ille-et-Vilaine (35);;Me Céline MAHKOVEC;-;1;0;Non
SCP Guillaume LECOQ, Sébastien LEGRAIN et Yann GRATESAC;;35740;PACE;Non;Ille-et-Vilaine (35);;Me Yann GRATESAC, Me Guillaume LECOQ, Me Sébastien LEGRAIN;-;3;0;Oui
SAS OFFICE NOTARIAL CATHERINE GUICHARD, JOSSELIN NAUT ET GUY MESSAGER;;35741;PACE;Non;Ille-et-Vilaine (35);;Me Catherine GUICHARD, Me Guy MESSAGER, Me Josselin NAUT;-;3;0;Oui
SELAS NOTAIRES LOIRE OCEAN;;44560;PAIMBOEUF;Non;Loire-Atlantique (44);;Me François-Xavier BAUDRAND;Me Astrid MEUNIER;1;1;Non
SAS NOTAIRES DE LA BAIE;;22501;PAIMPOL;Non;Côtes-d’Armor (22);;Me Pierre BAYARD, Me Martin BERNARD, Me Stéphane DROUIN, Me Yannick LEDY;Me Morgane CORBINAIS;4;1;Oui
SELAS Lanwenn LÉNA & Associés;;22710;PENVENAN;Non;Côtes-d’Armor (22);;Me Lanwenn LÉNA;-;1;0;Non
SELARL LES NOTAIRES DES SEPT ILES;;22700;PERROS GUIREC;Non;Côtes-d’Armor (22);;Me Damien BERRÉGARD, Me Marie GOURHANT, Me Christophe LEVARD;-;3;0;Oui
AB2M NOTAIRES;;22700;PERROS GUIREC;Non;Côtes-d’Armor (22);;Me Marie AUBOUSSU-BIGNON, Me Marc BIGNON;-;2;0;Oui
SELARL NOTICYA;;35550;PIPRIAC;Non;Ille-et-Vilaine (35);;Me Elodie GUERIF, Me Yann PINSON;-;2;0;Oui
Me Frédéric DRUETTO;;22940;PLAINTEL;Non;Côtes-d’Armor (22);;Me Frédéric DRUETTO;-;1;0;Oui
SELARL LES NOTAIRES DU LITTORAL;;22130;PLANCOET;Oui;Côtes-d’Armor (22);;Me Gwénola DESCOTTES;Me Richard GARNIER;1;1;Oui
SELARL OFFICE NOTARIAL DU MENHIR;;22960;PLEDRAN;Non;Côtes-d’Armor (22);;Me Thomas RIBARDIERE;Me Arnaud DUEDAL;1;1;Oui
SELARL NOTAIRES DE LA BAIE DU MONT;;35610;PLEINE FOUGERES;Non;Ille-et-Vilaine (35);;Me Hervé RAMOND;Me Quentin MAHEU-ESNEU;1;1;Oui
SELARL OFFICE NOTARIAL DE PLELAN-LE-GRAND;;35380;PLELAN LE GRAND;Non;Ille-et-Vilaine (35);;Me Jean-Edouard BOUEDO, Me Benoit PICHEVIN;Me Claire BOULET;2;1;Oui
Me Stéphane KERHARO;;22980;PLELAN LE PETIT;Non;Côtes-d’Armor (22);;Me Stéphane KERHARO;-;1;0;Oui
SELARL PINCEMIN ET ASSOCIES;;22210;PLEMET;Non;Côtes-d’Armor (22);;Me Élodie GOUBIN-PERLON, Me Didier PINCEMIN;Me Aurélie HOUITTE;2;1;Oui
Me Mathilde LEBOUCHER;;22640;PLENEE JUGON;Non;Côtes-d’Armor (22);;Me Mathilde LEBOUCHER;-;1;0;Oui
SCP Vincent DEQUAIRE et Bruno LECLERC;;22370;PLENEUF VAL ANDRE;Oui;Côtes-d’Armor (22);;Me Vincent DEQUAIRE, Me Bruno LECLERC;-;2;0;Oui
SAS NOTAIRES DE LA BAIE;;22190;PLERIN;Non;Côtes-d’Armor (22);;Me Gilles MENARD;-;1;0;Non
SELARL François DEBOISE et Nicolas QUETTIER;;22190;PLERIN;Non;Côtes-d’Armor (22);;Me Nicolas QUETTIER;Me Raphaëlle LE BONNIEC-GUILLOIS, Me Aline MASCRE;1;2;Non
Me Marie-Charlotte LAVIGNE;;22190;PLERIN;Non;Côtes-d’Armor (22);;Me Marie-Charlotte LAVIGNE;-;1;0;Oui
ENOTOS - Office Notarial RICHARD - JUMELAIS;;22190;PLERIN;Non;Côtes-d’Armor (22);;Me Anne-Sophie DEMEURE-JUMELAIS, Me Aymeric JUMELAIS;Me Cécile DUFOUR;2;1;Oui
SARL ALEXIS DURET - ESTELLE MESGUEN, NOTAIRES ASSOCIES;;56890;PLESCOP;Oui;Morbihan (56);;Me Alexis DURET, Me Estelle MESGUEN;-;2;0;Non
SARL Sylvain LOUAIL;;22490;PLESLIN TRIGAVOU;Non;Côtes-d’Armor (22);;Me Sylvain LOUAIL;Me Pauline BAUCHET;1;1;Oui
SELAS Lex Silva Notaires;;44630;PLESSE;Non;Loire-Atlantique (44);;Me Fabienne BORGARD;-;1;0;Non
SELARL LES NOTAIRES DE LA LIEUE DE GREVE;;22310;PLESTIN LES GREVES;Non;Côtes-d’Armor (22);;Me Viviane GUIMBERTEAU;-;1;0;Oui
Me Morgane LE GROS;;22310;PLESTIN LES GREVES;Non;Côtes-d’Armor (22);;Me Morgane LE GROS;-;1;0;Non
SELARL ARMORIQUE NOTARIAT;;22610;PLEUBIAN;Non;Côtes-d’Armor (22);;Me Armel LEURANGUER;-;1;0;Oui
Me Olivier VERGER-HIARD;;22690;PLEUDIHEN SUR RANCE;Non;Côtes-d’Armor (22);;Me Olivier VERGER-HIARD;-;1;0;Oui
SELARL NOTAIRES - 22560;;22560;PLEUMEUR BODOU;Non;Côtes-d’Armor (22);;Me Sylvain NAGAT;Me Christophe PEDRON;1;1;Oui
SCP Bénédicte BODIN-BERTEL et Véronique RABRAIS;;35730;PLEURTUIT;Non;Ille-et-Vilaine (35);;Me Bénédicte BODIN-BERTEL, Me Véronique RABRAIS;Me William GEHL;2;1;Oui
SELARL Jean-François TATARD et Amélie TATARD-MOREAU;;56270;PLOEMEUR;Non;Morbihan (56);;Me Jean-François TATARD, Me Amélie TATARD-MOREAU;-;2;0;Oui
SARL NOTAIRE CONSEIL OCEAN;;56274;PLOEMEUR;Non;Morbihan (56);;Me Solenn LE QUAY, Me Manuella PENEAU, Me Jean-Philippe REDO;Me Clémence REDO;3;1;Oui
Me Isabelle ALLAIS;;56880;PLOEREN;Non;Morbihan (56);;Me Isabelle ALLAIS;-;1;0;Oui
Me Nicolas TANGUY;;56800;PLOERMEL;Non;Morbihan (56);;Me Nicolas TANGUY;-;1;0;Oui
Me Solène LE STRAT;;56800;PLOERMEL;Non;Morbihan (56);;Me Solène LE STRAT;-;1;0;Non
SELARL BINARD-GRAND-GREVERAND;;56805;PLOERMEL;Non;Morbihan (56);;Me Jean-Claude BINARD, Me Augustin GRAND, Me Benjamin GREVERAND;Me Kelly CHAPON, Me Gwennaïg LE BOULCH;3;2;Oui
Me Nathalie DANREE-LE MAÎTRE;;22150;PLOEUC L'HERMITAGE;Non;Côtes-d’Armor (22);;Me Nathalie DANREE-LE MAÎTRE;-;1;0;Oui
SAS JURIS TREGOR;;22420;PLOUARET;Non;Côtes-d’Armor (22);;Me Anne-Laure ALLANO, Me Anne FERCOQ-LE GUEN, Me Barbara WATTEBLED;-;3;0;Oui
SELARL Olivier ARENS, Danièle PERON et Arnaud LEDAN;;56240;PLOUAY;Non;Morbihan (56);;Me Arnaud LEDAN;-;1;0;Oui
SCP Anne PEAN-TAMPE et Nicolas BOULÉ;;22490;PLOUER SUR RANCE;Non;Côtes-d’Armor (22);;Me Nicolas BOULÉ, Me Anne PEAN-TAMPE;-;2;0;Oui
Me Ronald CHEVALIER;;22440;PLOUFRAGAN;Non;Côtes-d’Armor (22);;Me Ronald CHEVALIER;Me Anne-Sophie MENGUY;1;1;Non
NOTAIRES D'ARMOR;;22580;PLOUHA;Non;Côtes-d’Armor (22);;Me Carole ALLANIC, Me David MAYEUX;Me François TANGUY;2;1;Oui
Me Hélène GUILLERME;;56340;PLOUHARNEL;Non;Morbihan (56);;Me Hélène GUILLERME;-;1;0;Non
Me Corinne COZETTE;;56680;PLOUHINEC;Non;Morbihan (56);;Me Corinne COZETTE;-;1;0;Non
LEGISTEAM TREGOR - SELAS Gilles LE NOAN NOTAIRE;;22300;PLOULEC'H;Non;Côtes-d’Armor (22);;Me Gilles LE NOAN;-;1;0;Oui
Me Jean-Tugdual LE ROUX, office notarial de Ploumilliau;;22300;PLOUMILLIAU;Non;Côtes-d’Armor (22);;Me Jean-Tugdual LE ROUX;-;1;0;Oui
SELARL Marine DRÉAN-GUIGNARD;;56420;PLUMELEC;Non;Morbihan (56);;Me Marine DRÉAN-GUIGNARD;Me Charline DABOUDET-ETIENNE, Me Adrien VILLENAVE;1;2;Oui
SELARL LESLIE BORDRON - NOTAIRE;;56930;PLUMELIAU;Non;Morbihan (56);;Me Leslie BORDRON;-;1;0;Oui
SELARL Alexis MEUNIER et Luc de CHAMPSAVIN;;56330;PLUVIGNER;Non;Morbihan (56);;Me Alexis MEUNIER, Me Luc de CHAMPSAVIN;Me Guénola QUILLAY;2;1;Oui
Me Laure-Anne LE TALOUR;;35131;PONT PEAN;Non;Ille-et-Vilaine (35);;Me Laure-Anne LE TALOUR;-;1;0;Oui
Me Magali JÉHANNE;;44860;PONT ST MARTIN;Non;Loire-Atlantique (44);;Me Magali JÉHANNE;-;1;0;Non
SELAS ENTRE LOIRE ET VILAINE;;44160;PONTCHATEAU;Non;Loire-Atlantique (44);;Me Xavier MERY;Me Loïck COUÉ;1;1;Oui
SCP Fabrice PERRAIS et Yann KERAMBRUN;;44160;PONTCHATEAU;Non;Loire-Atlantique (44);;Me Yann KERAMBRUN, Me Fabrice PERRAIS;-;2;0;Oui
Me Anne-Laure HAMON;;56300;PONTIVY;Non;Morbihan (56);;Me Anne-Laure HAMON;-;1;0;Non
Me Stéphane KERRIEN;;56300;PONTIVY;Non;Morbihan (56);;Me Stéphane KERRIEN;-;1;0;Oui
SELARL Jean-Philippe BELLIN;;56302;PONTIVY;Non;Morbihan (56);;Me Jean-Philippe BELLIN;-;1;0;Oui
SARL Arnaud de RENEVILLE et Laurent GUILLOU;;56304;PONTIVY;Non;Morbihan (56);;Me Arnaud de RENEVILLE, Me Laurent GUILLOU;-;2;0;Oui
SELARL Stéphane PENGAM et Sandra GUILLO;;56303;PONTIVY;Non;Morbihan (56);;Me Sandra GUILLO, Me Stéphane PENGAM;Me Emmanuelle CARO;2;1;Oui
Me Delphine PATARIN;;22260;PONTRIEUX;Non;Côtes-d’Armor (22);;Me Delphine PATARIN;-;1;0;Oui
SELARL Thierry KERAVEC;;44210;PORNIC;Non;Loire-Atlantique (44);;Me Thierry KERAVEC;Me Marie-Sophie STOLECKI;1;1;Oui
SELAS NOTAIRES LOIRE OCEAN;;44212;PORNIC;Non;Loire-Atlantique (44);;Me Frédérick DUVERT, Me Olivier TOSTIVINT;Me Fanny MARTINEZ, Me Audrey ROBREAU;2;2;Oui
Me Patricia ATTIAS;;44380;PORNICHET;Oui;Loire-Atlantique (44);;Me Patricia ATTIAS;Me Julia MANCEAU;1;1;Oui
SAS OFFICE NOTARIAL DU LITTORAL;;44380;PORNICHET;Oui;Loire-Atlantique (44);;Me Valérie MATHIEU, Me Raoul PRÉLY;-;2;0;Non
SCP Notaires Presqu'île associés;;44380;PORNICHET;Oui;Loire-Atlantique (44);;Me Cécile GAUTHIER;Me Sophie PRINCE;1;1;Non
SELARL AUBREE et associés;;56290;PORT LOUIS;Non;Morbihan (56);;Me Bernard AUBREE;-;1;0;Oui
SELARL OFFICE NOTARIAL PORTE DES INDES;;56290;PORT LOUIS;Non;Morbihan (56);;Me Xavier MERRIEN, Me Tanguy PIETRESSON de SAINT-AUBIN;Me Aurélie BERTAUT, Me Marie-Caroline RIOU;2;2;Oui
SELARL Jean-Christophe CABA et Aude MORTEVEILLE-FLEURY;;56230;QUESTEMBERT;Non;Morbihan (56);;Me Aude MORTEVEILLE-FLEURY;-;1;0;Oui
SELARL BNH;;56530;QUEVEN;Non;Morbihan (56);;Me Nolwenn HENAFF-TATIBOUËT;-;1;0;Oui
SELARL Stéphanie LE ROUX;;56530;QUEVEN;Non;Morbihan (56);;Me Stéphanie LE ROUX;-;1;0;Non
SELARL François Angé, Notaire;;56170;QUIBERON;Oui;Morbihan (56);;Me François ANGE;-;1;0;Non
SELARL NOTARMOR;;22800;QUINTIN;Non;Côtes-d’Armor (22);;Me Bruno CORTYL, Me Cécile FLAGEUL, Me Rémi JAGLIN, Me Carine RAOULT;-;4;0;Oui
Me Lucie VIGNERON;;35130;RANNEE;Non;Ille-et-Vilaine (35);;Me Lucie VIGNERON;-;1;0;Oui
Me Thomas MERTEN;;35600;REDON;Non;Ille-et-Vilaine (35);;Me Thomas MERTEN;-;1;0;Non
SCP DOUETTÉ - DOUETTÉ-ROBIC - Notaires associés;;35600;REDON;Non;Ille-et-Vilaine (35);;Me Stéphane DOUETTÉ, Me Maryse DOUETTÉ-ROBIC;Me Sophie EON;2;1;Oui
SCP DOUETTÉ - DOUETTÉ-ROBIC - Notaires associés;;35600;REDON;Non;Ille-et-Vilaine (35);;Me Stéphane DOUETTÉ, Me Maryse DOUETTÉ-ROBIC;Me Sophie EON;2;1;Oui
SCP Gwenolé CAROFF et Anne-Cécile DARDET-CAROFF;;35601;REDON;Non;Ille-et-Vilaine (35);;Me Gwenolé CAROFF, Me Anne-Cécile DARDET-CAROFF;Me Pascale MONIN;2;1;Oui
SAS 1270 NOTAIRES;;35700;RENNES;Oui;Ille-et-Vilaine (35);;Me Constance AILLET;-;1;0;Non
SAS ARCANE;;35000;RENNES;Oui;Ille-et-Vilaine (35);;Me Julien ANTOINE, Me Audrey BURGOS;-;2;0;Non
SARL OFFICE MABILAIS;;35000;RENNES;Oui;Ille-et-Vilaine (35);;Me Josselin CROUAN, Me Maxime MILET;-;2;0;Non
SAS MSVM;;35000;RENNES;Oui;Ille-et-Vilaine (35);;Me Marie-Josèphe MOINS, Me Nathalie SIDNEY-DURAND;Me Monique MORAND;2;1;Oui
Me Aude OLIVIER;;35000;RENNES;Oui;Ille-et-Vilaine (35);;Me Aude OLIVIER;-;1;0;Oui
SARL LIBERTE NOTAIRES - Guillaume PAINSAR Notaire;;35000;RENNES;Oui;Ille-et-Vilaine (35);;Me Guillaume PAINSAR;-;1;0;Non
SAS PINSON - EON;;35000;RENNES;Oui;Ille-et-Vilaine (35);;Me Samuel BRIAND;Me Pierre-Jean GUIHÉNEUF;1;1;Non
Me Sylvie POUCHOL;;35700;RENNES;Oui;Ille-et-Vilaine (35);;Me Sylvie POUCHOL;-;1;0;Non
Me Jocelyn POUESSEL;;35000;RENNES;Oui;Ille-et-Vilaine (35);;Me Jocelyn POUESSEL;Me Anastasia DEMIDOFF, Me Nicolas LEPAGE;1;2;Oui
OFFICE NOTARIAL CLEUNAY LA COURROUZE - Me Stéphanie RUCAY;;35000;RENNES;Oui;Ille-et-Vilaine (35);;Me Stéphanie RUCAY;-;1;0;Oui
SELURL Xavier RÉLU;;35000;RENNES;Oui;Ille-et-Vilaine (35);;Me Xavier RÉLU;-;1;0;Non
Me Luc SERRURIER;;35000;RENNES;Oui;Ille-et-Vilaine (35);;Me Luc SERRURIER;-;1;0;Oui
Maître Rahel SIMON;;35000;RENNES;Oui;Ille-et-Vilaine (35);;Maître Rahel SIMON;-;1;0;Oui
SARL 356 NOTAIRES - Me SABOT et Me FENIOU;;35000;RENNES;Oui;Ille-et-Vilaine (35);;Me Christophe SABOT;-;1;0;Oui
SAS CHEUVREUX RENNES;;35000;RENNES;Oui;Ille-et-Vilaine (35);;Me Gary CONTIN;-;1;0;Oui
Me Hélène CORNARDEAU-TARIEL;;35000;RENNES;Oui;Ille-et-Vilaine (35);;Me Hélène CORNARDEAU-TARIEL;-;1;0;Oui
SAS DS NOTAIRES;;35000;RENNES;Oui;Ille-et-Vilaine (35);;Me Laurent DULIN, Me Christophe SOUFFLEUX;-;2;0;Oui
SARL OFFICE DU DÔME;;35000;RENNES;Oui;Ille-et-Vilaine (35);;Me Alexandre BOUFFLERS;Me Chloé EGRET, Me Renaud LE CAMUS;1;2;Non
Me Sophie FEISTHAMMEL-RENOULT;;35700;RENNES;Oui;Ille-et-Vilaine (35);;Me Sophie FEISTHAMMEL-RENOULT;Me Aurélie BONNEC, Me Marie COLTIER;1;2;Non
Me Carine GIRARD;;35000;RENNES;Oui;Ille-et-Vilaine (35);;Me Carine GIRARD;-;1;0;Non
Me Franck GUILLOTTE;;35700;RENNES;Oui;Ille-et-Vilaine (35);;Me Franck GUILLOTTE;-;1;0;Oui
Me Estelle HUSSON;;35700;RENNES;Oui;Ille-et-Vilaine (35);;Me Estelle HUSSON;-;1;0;Non
Me Hubert KERMARREC;;35000;RENNES;Oui;Ille-et-Vilaine (35);;Me Hubert KERMARREC;-;1;0;Non
Me Ludovic LE BENOIST;;35700;RENNES;Oui;Ille-et-Vilaine (35);;Me Ludovic LE BENOIST;-;1;0;Non
SELURL Valentine LHOMME;;35700;RENNES;Oui;Ille-et-Vilaine (35);;Me Valentine LHOMME;-;1;0;Non
SELARL NEONOT;;35064;RENNES;Oui;Ille-et-Vilaine (35);;Me Alexandre AVENEL, Me Charlotte NOËL;Me Céline CHESNEL, Me Emilie HUON;2;2;Oui
SELAS DYADEIS NOTAIRES;;35043;RENNES;Oui;Ille-et-Vilaine (35);;Me Hélène CATHOU, Me Tanguy CATHOU, Me Virginie DUVACHER-DESHAYES, Me Eric FOUCHÉ;Me Mathilde BRIQUELER, Me Corinne LEGENDRE, Me Carole PESNEAU;4;3;Oui
SARL CHÉZY NOTAIRES;;35064;RENNES;Oui;Ille-et-Vilaine (35);;Me Marie LE CORNO;Me Morgane MIET, Me Frédérique PILLET;1;2;Oui
SAS LEXONOT - Mes CHARPENTIER, LATRILLE, BOURGES, BLOAS et LEMETAYER;;35064;RENNES;Oui;Ille-et-Vilaine (35);;Me Virginie BLOAS, Me Raymond-Xavier BOURGES, Me Matar CHARPENTIER, Me Philippe LATRILLE, Me Vanessa LEMETAYER;Me Rodolphe BOURGEOIS, Me Claire-Line DELABARRE, Me Julia ROCHE, Me Anne TRUMELET;5;4;Oui
SELAS WM NOTARIAT - Me Géraldine HESTEAU;;35043;RENNES;Oui;Ille-et-Vilaine (35);;Me Géraldine HESTEAU;-;1;0;Non
SAS OFFICE DU CARRÉ Notaires;;35012;RENNES;Oui;Ille-et-Vilaine (35);;Me Caroline GODARD, Me Jean-François JOUAN, Me Vincent LEMÉE, Me François-Éric PAULET, Me Charlotte ROBIN;Me Anne-Françoise BOHUON, Me Morgane CARCREFF, Me Hélène CARLUER, Me Loïc LECUYER, Me Carine OLLIVIER, Me Lydie SIMON, Me Nathalie SOURGET;5;7;Oui
SARL NOTAIRES DES LICES - Antoine MORIN, Laurence SOURDAINE, Jean-Baptiste HIGNARD et Claire CHERDRONNET;;35108;RENNES;Oui;Ille-et-Vilaine (35);;Me Claire CHERDRONNET, Me Jean-Baptiste HIGNARD, Me Antoine MORIN, Me Laurence SOURDAINE;Me Sandrine GUYOT, Me Charlotte MAYOL;4;2;Oui
SELARL NOTAIRES DE LA VISITATION - Mes PIRIOUX, MÉVEL, L'OLLIVIER & GUINET;;35108;RENNES;Oui;Ille-et-Vilaine (35);;Me Justine GUINET, Me Thomas L'OLLIVIER, Me Céline MÉVEL, Me Jean-Charles PIRIOUX;-;4;0;Oui
OFFICE NOTARIAL SAINT GERMAIN;;35106;RENNES;Oui;Ille-et-Vilaine (35);;Me Emmanuel GOURS, Me Paul SCOUARNEC;Me Marc BERTIN, Me Fabienne CHEVALIER;2;2;Oui
SAS DUGUESCLIN NOTAIRES RENNES-PARIS;;35103;RENNES;Oui;Ille-et-Vilaine (35);;Me Charles CONSTANS, Me Damien GUEGUEN, Me Marc LAISNÉ, DUGUESCLIN NOTAIRES RENNES-PARIS;Me Nolwenn HERCOUET, Me Nathalie LOUSSOUARN;4;2;Oui
OFFICE DU PARLEMENT;;35101;RENNES;Oui;Ille-et-Vilaine (35);;Me Marlène CHALOPIN;-;1;0;Oui
SELARL MICHEL LE POUPON ET GUILLAUME PIED, NOTAIRES ASSOCIES;;35240;RETIERS;Non;Ille-et-Vilaine (35);;Me Michel LE POUPON, Me Guillaume PIED;-;2;0;Oui
Me Emilie FABRE;;44400;REZE;Non;Loire-Atlantique (44);;Me Emilie FABRE;-;1;0;Non
SELARL Thierry THOMAS, Arnaud HOUIS, Arnaud GIRARD, Marie-Virginie DURAND, Pierre VILLATTE, Cécile BAUD-MILLET et Emmanuelle RICO-CARIO;;44404;REZE;Non;Loire-Atlantique (44);;Me Cécile BAUD-MILLET, Me Marie-Virginie DURAND, Me Arnaud GIRARD, Me Arnaud HOUIS, Me Emmanuelle RICO-CARIO, Me Thierry THOMAS, Me Pierre VILLATTE;Me Thérèse BROUSSARD-BALDONI, Me Laurence GIRAULT, Me Charles GRUNBERG, Me Aurélie MOREAU, Me Vanessa VIAUD;7;5;Oui
SCP Antoine MICHEL et Martial MANCHEC;;44440;RIAILLE;Non;Loire-Atlantique (44);;Me Martial MANCHEC, Me Antoine MICHEL;-;2;0;Oui
SELARL Laure BILESIMO-ROSUEL et Emilie GUIMARHO-GUILLARD, notaires associées;;56220;ROCHEFORT EN TERRE;Non;Morbihan (56);;Me Laure BILESIMO-ROSUEL, Me Emilie GUIMARHO-GUILLARD;-;2;0;Oui
SELARL Claire KORTEBY;;56580;ROHAN;Non;Morbihan (56);;Me Claire KORTEBY;Me Céline RICOIS;1;1;Oui
SCP François-Marie BIENVENUE et Virginie LORET;;35850;ROMILLE;Non;Ille-et-Vilaine (35);;Me François-Marie BIENVENUE, Me Virginie LORET;-;2;0;Oui
SCP OFFICE NOTARIAL DU CENTRE BRETAGNE;;22110;ROSTRENEN;Non;Côtes-d’Armor (22);;Me Aline ASCLAR, Me Valérie HERY;-;2;0;Oui
SELARL LAURA GAGNEUL NOTAIRE;;44660;ROUGE;Non;Loire-Atlantique (44);;Me Laura GAGNEUL;-;1;0;Oui
NOTAIRES D'ARMOR;;22400;SAINT ALBAN;Non;Côtes-d’Armor (22);;Me Jean-Marie CHAUVAC, Me Olivier GOUR;-;2;0;Oui
SCP Notaires Presqu'île associés;;44117;SAINT ANDRE DES EAUX;Non;Loire-Atlantique (44);;Me Jessica LAIR;-;1;0;Non
SCP Claudine BOSSENNEC-LE ROUX et Nicolas BIHR;;35140;SAINT AUBIN DU CORMIER;Non;Ille-et-Vilaine (35);;Me Nicolas BIHR, Me Claudine BOSSENNEC-LE ROUX;-;2;0;Oui
Me Mickaël BÉRANGER;;56890;SAINT AVE;Oui;Morbihan (56);;Me Mickaël BÉRANGER;-;1;0;Oui
SELAS NOTAIRES LOIRE OCEAN;;44250;SAINT BREVIN LES PINS;Oui;Loire-Atlantique (44);;Me Kevin ROUGEOLLE;-;1;0;Non
SCP Thomas PHELIPPEAU et Louis LIEBAULT;;44250;SAINT BREVIN LES PINS;Oui;Loire-Atlantique (44);;Me Louis LIEBAULT, Me Thomas PHELIPPEAU;Me Céline BLIGUET RETAILLEAU;2;1;Oui
Me Bertrand COURBET;;35800;SAINT BRIAC SUR MER;Oui;Ille-et-Vilaine (35);;Me Bertrand COURBET;-;1;0;Oui
SELARL Charles-Tanguy SIMON et Marie de ROTROU-ALBELDA, Notaires associés;;22045;SAINT BRIEUC;Non;Côtes-d’Armor (22);;Me Marie de ROTROU-ALBELDA, Me Charles-Tanguy SIMON;-;2;0;Oui
SELARL NOTALEX 22;;22044;SAINT BRIEUC;Non;Côtes-d’Armor (22);;Me Louis Hubert JARNOUEN de VILLARTAY, Me Anaëlle LE GUEN;Me Céline VAN DER BORGHT;2;1;Oui
SAS NOTAIRES DE LA BAIE;;22000;SAINT BRIEUC;Non;Côtes-d’Armor (22);;Me Yann BROCHEN, Me Julien D'HOINE, Me Alexandre de ROTROU;Me Guylène FÉFEU, Me Marie LE GUENNEC;3;2;Oui
SELARL Rémy D'AGOSTINO et Tiphanie D'AGOSTINO, Notaires associés;;22000;SAINT BRIEUC;Non;Côtes-d’Armor (22);;Me Tiphanie D'AGOSTINO, Me Rémy D'AGOSTINO;-;2;0;Oui
Me Anne LIVENAIS;;22000;SAINT BRIEUC;Non;Côtes-d’Armor (22);;Me Anne LIVENAIS;-;1;0;Non
Me Kathleen BEHAR;;22000;SAINT BRIEUC;Non;Côtes-d’Armor (22);;Me Kathleen BEHAR;-;1;0;Non
SELARL Anne LAUBE, Pierre LHOMME & Marc DELMAS;;22380;SAINT CASAINT LE GUILDO;Non;Côtes-d’Armor (22);;-;-;0;0;Non
SARL OFFICE NOTARIAL LOIRE ET SILLON;;44360;SAINT ETIENNE DE MONTLUC;Non;Loire-Atlantique (44);;Me Hélène HUSAR, Me Laurent MORICEAU, Me Séverine TORTEAU-VANDEMAELE;Me Sophie BOUARD;3;1;Oui
SCP Emmanuel LE CORVIC et Richard LEVIONNOIS;;35590;SAINT GILLES;Non;Ille-et-Vilaine (35);;Me Emmanuel LE CORVIC, Me Richard LEVIONNOIS;-;2;0;Oui
HERMINE NOTAIRES - Mes Catherine ROCHAIX-CELTON et Yannick RIOU;;35760;SAINT GREGOIRE;Oui;Ille-et-Vilaine (35);;Me Yannick RIOU, Me Catherine ROCHAIX-CELTON;-;2;0;Oui
Me Caroline REMILLY;;35760;SAINT GREGOIRE;Oui;Ille-et-Vilaine (35);;Me Caroline REMILLY;Me Marina GUILLAUME;1;1;Non
SELARL Marie-Jeanne SERANDOUR-HUON et Corinne RIMASSON, Notaires Associés;;35760;SAINT GREGOIRE;Oui;Ille-et-Vilaine (35);;Me Corinne RIMASSON, Me Marie-Jeanne SÉRANDOUR-HUON;-;2;0;Oui
SELARL Charlotte PICARD-DAVID - NOTAIRES DE LA VISITATION;;35760;SAINT GREGOIRE;Oui;Ille-et-Vilaine (35);;Me Charlotte PICARD-DAVID;-;1;0;Non
SARL Christine DUCASSE;;35760;SAINT GREGOIRE;Oui;Ille-et-Vilaine (35);;Me Christine DUCASSE;-;1;0;Non
SCP Nicolas BRETÉCHER, Mickaël BARICHE et Fanny HALGAND;;44807;SAINT HERBLAIN;Non;Loire-Atlantique (44);;Me Mickaël BARICHE, Me Nicolas BRETÉCHER, Me Fanny HALGAND;-;3;0;Oui
SELARL AM Associés;;44800;SAINT HERBLAIN;Non;Loire-Atlantique (44);;Me Lucile HAUVILLE-ROSSARD, Me Antoine MAURICE;Me François GUYODO, Me Fabienne RATEL;2;2;Non
SAS Estuaire Notaires;;44800;SAINT HERBLAIN;Non;Loire-Atlantique (44);;Me Laëtitia DURAND-DUBREUIL;-;1;0;Non
SELARL OFFICE NOTARIAL TRIAU;;35136;SAINT JACQUES DE LA LANDE;Non;Ille-et-Vilaine (35);;Me Maxime PAVIOT, Me Antoine TRIAU;-;2;0;Oui
Me Antoine BOUDROT;;56660;SAINT JEAN BREVELAY;Non;Morbihan (56);;Me Antoine BOUDROT;-;1;0;Non
SELARL OFFICE NOTARIAL VIRGINIE PERRIN;;35430;SAINT JOUAN DES GUERETS;Non;Ille-et-Vilaine (35);;Me Virginie PERRIN;-;1;0;Oui
SELARL François BAZIN et Pierre AUDOUIN;;44450;SAINT JULIEN DE CONCELLES;Non;Loire-Atlantique (44);;Me Pierre AUDOUIN, Me François BAZIN;-;2;0;Oui
Me Romain GILLES;;35800;SAINT LUNAIRE;Oui;Ille-et-Vilaine (35);;Me Romain GILLES;-;1;0;Non
SAS Catherine GUILLARD, Notaire;;35400;SAINT MALO;Oui;Ille-et-Vilaine (35);;Me Catherine GUILLARD;-;1;0;Non
SELAS EMERAUDE NOTAIRES SAINT-MALO SOLIDOR;;35418;SAINT MALO;Oui;Ille-et-Vilaine (35);;Me Jean-Marc BORSA, Me Alain GAUTRON, Me Nicolas OREAL;Me Laurianne DUMONT, Me Véronique ONNEE-RUELLAN, Me Loriane PONCELET-GORIN;3;3;Oui
Office VAUBAN Notaires - Degano-Cordier-Renoult;;35409;SAINT MALO;Oui;Ille-et-Vilaine (35);;Me Jean-Michel CORDIER, Me Philippe DEGANO, Me Géraldine RENOULT;Me Ondine BOHUON, Me Léa LETOURNEUR, Me Anne-Sophie SOLEILHAC;3;3;Oui
OFFICE NOTARIAL DE ROCHEBONNE - Me Laurent FRANCOIS;;35404;SAINT MALO;Oui;Ille-et-Vilaine (35);;Me Laurent FRANÇOIS;Me Guillaume ABIVEN;1;1;Oui
OFFICE NOTARIAL DE LA CITE SAINT-MALO INTRA MUROS;;35400;SAINT MALO;Oui;Ille-et-Vilaine (35);;Me Erwan LE ROUILLÉ, Me Charles PIQUEREL;Me Magali DUVEAU;2;1;Oui
SELARL Matthieu LEBRANCHU et Stéphane LE JAMTEL;;35418;SAINT MALO;Oui;Ille-et-Vilaine (35);;Me Stéphane LE JAMTEL, Me Matthieu LEBRANCHU;Me Hervé LEBRANCHU;2;1;Oui
SELARL Carole LEFEVRE-LE SOMMER et Aurélie LANGLOIS-CHALANT, Notaires;;35413;SAINT MALO;Oui;Ille-et-Vilaine (35);;Me Aurélie LANGLOIS-CHALANT, Me Carole LEFEVRE-LE SOMMER;-;2;0;Oui
SCP TRENTE CINQ NOTAIRES;;35400;SAINT MALO;Oui;Ille-et-Vilaine (35);;Me Sophie RIDEAU-SALMON;-;1;0;Oui
SELURL Sophie YVEN, notaires associés;;35400;SAINT MALO;Oui;Ille-et-Vilaine (35);;Me Sophie YVEN;-;1;0;Non
SELARL ETUDE BÉLEM, Edith CARVALHO DRUAIS, Notaire;;35400;SAINT MALO;Oui;Ille-et-Vilaine (35);;Me Edith CARVALHO DRUAIS;-;1;0;Non
Me Anne-Lise FROMAGE;;35400;SAINT MALO;Oui;Ille-et-Vilaine (35);;Me Anne-Lise FROMAGE;-;1;0;Oui
SELURL Guillaume GARNIER;;35404;SAINT MALO;Oui;Ille-et-Vilaine (35);;Me Guillaume GARNIER;-;1;0;Oui
Me Maxime GUÉRIF;;35400;SAINT MALO;Oui;Ille-et-Vilaine (35);;Me Maxime GUÉRIF;-;1;0;Non
Me Laureline LE DÛ;;35400;SAINT MALO;Oui;Ille-et-Vilaine (35);;Me Laureline LE DÛ;-;1;0;Non
SCP Françoise LEPAGE, Céline BARET et Agnès COTTINEAU;;44850;SAINT MARS DU DESERT;Non;Loire-Atlantique (44);;Me Céline BARET, Me Agnès COTTINEAU, Me Françoise LEPAGE;-;3;0;Non
Me Karine PATARD;;35290;SAINT MEEN LE GRAND;Non;Ille-et-Vilaine (35);;Me Karine PATARD;Me Emilie COLAS;1;1;Oui
SELARL OFFICE NOTARIAL DE SAINT-MELOIR-DES-ONDES;;35350;SAINT MELOIR DES ONDES;Non;Ille-et-Vilaine (35);;Me Fabrice JANVIER;Me Yannick AUBRY;1;1;Oui
SCP Laëtitia BERNAERT-GROHARD et Pierre POUSSIER;;44730;SAINT MICHEL CHEF CHEF;Non;Loire-Atlantique (44);;Me Laëtitia BERNAERT-GROHARD;-;1;0;Non
SAS NOT'ATLANTIQUE;;44600;SAINT NAZAIRE;Oui;Loire-Atlantique (44);;Me Yves QUEMENEUR, Me Thierry TESSON, Me Geoffroy de L'ESTOURBEILLON;Me Diane BOEGLIN-DALLIER, Me Claudia CHAUTY, Me Paul-Henri MONVOISIN;3;3;Oui
SCP Jean-Louis LESBATS et Pierre BIHAN;;44601;SAINT NAZAIRE;Oui;Loire-Atlantique (44);;Me Pierre BIHAN, Me Jean-Louis LESBATS;-;2;0;Non
SELARL OCEANIS;;44611;SAINT NAZAIRE;Oui;Loire-Atlantique (44);;Me Anthony BUTROT, Me Emmanuel GRANGER, Me Nolwenn PRESLE;Me Isabelle BARRÉ, Me Ophélie CHOUIN, Me Coline GUILLET DE LA BROSSE, Me Emilie TERRIEN;3;4;Oui
SELARL OFFICE NOTARIAL DE L'ISAC;;44600;SAINT NAZAIRE;Oui;Loire-Atlantique (44);;Me Estelle CLÉMENT;-;1;0;Non
SAS Estuaire Notaires;;44600;SAINT NAZAIRE;Oui;Loire-Atlantique (44);;Me Alexandra DELTOUR;-;1;0;Non
SELARL GUILLO LE CARDINAL NOTAIRES;;44320;SAINT PERE EN RETZ;Non;Loire-Atlantique (44);;Me Roland GUILLO, Me Maïlys LE CARDINAL;-;2;0;Oui
SELAS Olivier FRISON et Jean-Charles VEYRAC;;44310;SAINT PHILBERT DE GRAND LIEU;Non;Loire-Atlantique (44);;Me Olivier FRISON, Me Jean-Charles VEYRAC;Me Adélaïde GERBAUD, Me Aurélia GÉNAUDEAU, Me Laurent ROBIN, Me Marie VEYRAC;2;4;Oui
Me Yohan LEFORT;;44230;SAINT SEBASTIEN SUR LOIRE;Non;Loire-Atlantique (44);;Me Yohan LEFORT;-;1;0;Non
SELAS CDG NOTAIRES;;44230;SAINT SEBASTIEN SUR LOIRE;Non;Loire-Atlantique (44);;Me Alexandre CASSIGNEUL, Me François-Xavier DROGOU, Me Christophe GLAUD, Me Anthony MICHAUD, Me Anne-Sophie REY;Me Gwenaël PONTOIZEAU;5;1;Oui
Me Frédérique GUIBERT;;44230;SAINT SEBASTIEN SUR LOIRE;Non;Loire-Atlantique (44);;Me Frédérique GUIBERT;-;1;0;Non
SELARL OFFICE NOTARIAL MATHIEU LORET;;35250;SAINT-AUBIN D'AUBIGNÉ;Non;Ille-et-Vilaine (35);;Me Mathieu LORET;Me Laura BLANCHET;1;1;Oui
Me Etienne GUILLEMENOT;;56890;SAINT-AVÉ;Non;Morbihan (56);;Me Etienne GUILLEMENOT;-;1;0;Oui
Me Evelyne FOUQUEAU-DOUGNAC;;44980;SAINTE LUCE SUR LOIRE;Non;Loire-Atlantique (44);;Me Evelyne FOUQUEAU-DOUGNAC;-;1;0;Oui
Me Leslie MENGUY;;44680;SAINTE PAZANNE;Non;Loire-Atlantique (44);;Me Leslie MENGUY;-;1;0;Non
SELARL Laurence DUPUY, Jérôme DAVOST, Julien FOURMAUX et Kristell JÉGO;;56370;SARZEAU;Oui;Morbihan (56);;Me Jérôme DAVOST, Me Julien FOURMAUX;Me Marc DUPUY, Me Armelle MONDONNEIX;2;2;Oui
Me Florence FARINEZ;;56370;SARZEAU;Oui;Morbihan (56);;Me Florence FARINEZ;-;1;0;Non
SELARL RENAULT & RIZZO NOTAIRES;;44880;SAUTRON;Non;Loire-Atlantique (44);;Me Anne-Lise BOUCHERON-RIZZO, Me Ariane FOURNIER-RENAULT;-;2;0;Non
SELAS ENTRE LOIRE ET VILAINE;;44260;SAVENAY;Non;Loire-Atlantique (44);;Me Laurent BLIN, Me Delphine GERARD-MOREL;Me Noémie CORNU;2;1;Oui
Me Olivier de LAUZANNE;;44260;SAVENAY;Non;Loire-Atlantique (44);;Me Olivier de LAUZANNE;-;1;0;Oui
SELARL Jean-Christophe CABA et Aude MORTEVEILLE-FLEURY;;56860;SENE;Oui;Morbihan (56);;Me Jean-Christophe CABA;Me Manaïk GUYOT;1;1;Oui
SELARL ABLM NOTAIRES ASSOCIES;;56860;SENE;Oui;Morbihan (56);;Me Julie AUDOIN-BRICAUD, Me Floriane LE METAYER;-;2;0;Non
Me Carole MESSÉ-BOUILLARD;;56860;SENE;Oui;Morbihan (56);;Me Carole MESSÉ-BOUILLARD;-;1;0;Non
Me Paul LE BIHAN-LAVIGNAC;;56460;SERENT;Non;Morbihan (56);;Me Paul LE BIHAN-LAVIGNAC;Me Laetitia GUILLOUCHE-POUDELET;1;1;Oui
SARL Catherine FOUCHÉ et ASSOCIÉS;;44240;SUCE SUR ERDRE;Non;Loire-Atlantique (44);;Me Catherine FOUCHÉ;-;1;0;Oui
Me Julie PAUMIER;;56450;SURZUR;Oui;Morbihan (56);;Me Julie PAUMIER;-;1;0;Non
Me Virginie BARIL-TESSIER;;56450;THEIX NOYALO;Oui;Morbihan (56);;Me Virginie BARIL-TESSIER;-;1;0;Non
SELARL LCM & Associés;;56450;THEIX NOYALO;Oui;Morbihan (56);;Me Nicolas LE CORGUILLÉ, Me Emmanuel MOURA;Me Romain QUERO;2;1;Oui
SELARL NOTARY HOME;;35235;THORIGNE FOUILLARD;Non;Ille-et-Vilaine (35);;Me Romain JOUFFREY;Me Camille BRETONNET;1;1;Oui
SAS EFFICIENCE RENNES - Me LE SCOUARNEC;;35235;THORIGNE FOUILLARD;Non;Ille-et-Vilaine (35);;Me Céline LE SCOUARNEC;-;1;0;Non
Me Marie LOISEL;;35235;THORIGNE FOUILLARD;Non;Ille-et-Vilaine (35);;Me Marie LOISEL;-;1;0;Oui
SELARL OFFICE NOTARIAL 1803;;44470;THOUARE SUR LOIRE;Non;Loire-Atlantique (44);;Me Arnaud CAMUS;-;1;0;Non
Me Guillaume de VILLAINES;;44470;THOUARE SUR LOIRE;Non;Loire-Atlantique (44);;Me Guillaume de VILLAINES;-;1;0;Non
SELARL TONQUEZE-TREVILLY NOTAIRE;;35190;TINTENIAC;Non;Ille-et-Vilaine (35);;Me Aurore TONQUEZE;-;1;0;Oui
SELARL NOTAIRES - 22560;;22560;TREBEURDEN;Non;Côtes-d’Armor (22);;Me Lenaïk BLANCHARD-GERARD;-;1;0;Non
SELARL Anne-Cécile JEGOUIC et Sophie USAN-BOREL;;22950;TREGUEUX;Non;Côtes-d’Armor (22);;Me Anne-Cécile JEGOUIC, Me Sophie USAN-BOREL;-;2;0;Oui
SCP Nicolas et Yann GUILLOU;;22220;TREGUIER;Non;Côtes-d’Armor (22);;Me Nicolas GUILLOU, Me Yann GUILLOU;-;2;0;Oui
SELARL NOTAIRE DES TROIS RIVIERES;;22220;TREGUIER;Non;Côtes-d’Armor (22);;Me Géraldine LE GALLOU-GIRAL;-;1;0;Non
SELAS GROUPE MONASSIER OUEST ATLANTIQUE NOTAIRES;;44119;TREILLIERES;Non;Loire-Atlantique (44);;Me Sophie BRANGE, Me Blandine ROUL;-;2;0;Oui
SELAS ESCALE NOTAIRES;;44570;TRIGNAC;Non;Loire-Atlantique (44);;Me Amélie COYAUD;Me Ludovic GASTÉ;1;1;Non
Me Cyrille PÉNARD;;44330;VALLET;Non;Loire-Atlantique (44);;Me Cyrille PÉNARD;-;1;0;Non
SARL AUGU et associés;;56000;VANNES;Oui;Morbihan (56);;Me Damien AUGU, Me Stéphanie BERTOUNESQUE, Me Guillaume CHAUCHAT-ROZIER, Me Sabine VASSE;-;4;0;Oui
SARL Jean-Dominique ROCHE, Charles-Albert GRANDJEAN, Régis LE PORT, Jérôme WATREMEZ et Marie BELLEC;;56000;VANNES;Oui;Morbihan (56);;Me Marie BELLEC, Me Charles-Albert GRANDJEAN, Me Régis LE PORT, Me Jean-Dominique ROCHE, Me Jérôme WATREMEZ;Me Maxime DERRIEN, Me Kyomi IANORA;5;2;Oui
Me Charlotte WAUTIER;;56000;VANNES;Oui;Morbihan (56);;Me Charlotte WAUTIER;-;1;0;Oui
SARL BOUTEILLER et ASSOCIES;;56000;VANNES;Oui;Morbihan (56);;Me Pierre-Yves BOUTIN, Me Xavier CHABRAN, Me Caroline PERRIN;Me Joseph de GOURCY;3;1;Oui
SAS EFFICIENCE MORBIHAN;;56000;VANNES;Oui;Morbihan (56);;Me Marie-Christine NAYL-DELATTRE;-;1;0;Oui
JM.HENAFF E.MORVAN M.MEHEUST, NOTAIRES DU GOLFE;;56000;VANNES;Oui;Morbihan (56);;Me Jean Mériadec HENAFF, Me Marie MEHEUST, Me Elodie MORVAN;-;3;0;Oui
Me Laurent KERMAGORET;;56000;VANNES;Oui;Morbihan (56);;Me Laurent KERMAGORET;-;1;0;Oui
SELARL Julien LE HÉNAFF;;56000;VANNES;Oui;Morbihan (56);;Me Julien LE HÉNAFF;-;1;0;Non
SELARL Emmanuel BÉNÉAT Notaire et associés;;56039;VANNES;Oui;Morbihan (56);;Me Emmanuel BENEAT, Me Marie BÉNÉAT;-;2;0;Oui
SARL BOUTEILLER et ASSOCIES;;56004;VANNES;Oui;Morbihan (56);;Me Charlotte BAUMARD, Me Antoine HERCÉ, Me Grégoire LEVESQUE;Me Audrey NÉNERT;3;1;Oui
SCP DEJOIE FAY GICQUEL LE MASSON;;44120;VERTOU;Oui;Loire-Atlantique (44);;Me Fiona LE MASSON;Me Isabelle PARAGOT;1;1;Non
SCP Arnaud AUDRAIN, Olivier CAPELLE, Marie DENIS-NOUJAIM et François CÉRÈS;;44122;VERTOU;Oui;Loire-Atlantique (44);;Me Arnaud AUDRAIN, Me François CÉRÈS, Me Marie DENIS-NOUJAIM, Me Olivier CAPELLE;Me Victoire DESVERONNIÈRES;4;1;Oui
SCP DEJOIE FAY GICQUEL LE MASSON;;44122;VERTOU;Oui;Loire-Atlantique (44);;Me Louis DEJOIE, Me Pierre-Frédéric FAY, Me Vincent GICQUEL;Me Sandrine CADORET, Me Virginie GUILLOTEAU, Me Matthieu KORCHEF, Me Claudine MARTIN;3;4;Oui
Office de Me Marc SAVEY;;35132;VEZIN LE COQUET;Non;Ille-et-Vilaine (35);;Me Marc SAVEY;-;1;0;Non
SELAS Ronan CALVEZ;;44116;VIEILLEVIGNE;Non;Loire-Atlantique (44);;Me Ronan CALVEZ;-;1;0;Oui
SCP Anne GUEDÉ et Anne MOAT-POTET;;44360;VIGNEUX DE BRETAGNE;Non;Loire-Atlantique (44);;Me Anne GUEDÉ, Me Anne MOAT-POTET;-;2;0;Oui
Me Béatrice BODIN;;35500;VITRE;Non;Ille-et-Vilaine (35);;Me Béatrice BODIN;-;1;0;Non
Me Annabelle GENNOT-CAILLE;;35500;VITRE;Non;Ille-et-Vilaine (35);;Me Annabelle GENNOT-CAILLE;-;1;0;Oui
SAS OUAIRY ET DE GIGOU;;35503;VITRE;Non;Ille-et-Vilaine (35);;Me Cédric DE GIGOU, Me Philippe OUAIRY;Me Urielle DAVY, Me Paul-Henri MONVOISIN, Me Sandrine VEYRIER;2;3;Oui
SARL NOTAIRES OFFICE - Me Dominique CHAUDET;;35502;VITRE;Non;Ille-et-Vilaine (35);;Me Dominique CHAUDET;-;1;0;Oui
SELARL KCP NOTAIRES;;35503;VITRE;Non;Ille-et-Vilaine (35);;Me Karine COUDRAIS-PATROM;-;1;0;Oui
SAS 1270 NOTAIRES;;22120;YFFINIAC;Non;Côtes-d’Armor (22);;Me Nicolas ROBERT;-;1;0;Non
Me Patrick LE PERSON;;22120;YFFINIAC;Non;Côtes-d’Armor (22);;Me Patrick LE PERSON;-;1;0;Oui
SAS NOTAIRES DE LA BAIE;;22120;YFFINIAC;Non;Côtes-d’Armor (22);;Me Tony LEFOL;-;1;0;Non
SELARL ACT é CONSEIL;;49080;BOUCHEMAINE;Non;Maine-et-Loire (49);;Me Geoffrey VINCENT;-;1;0;Non
SELARL ACT é CONSEIL;;49130;LES PONTS DE CE;Non;Maine-et-Loire (49);;Me Frédéric GUEGUEN;Me Sabine SALVETAS-MOREAU;1;1;Oui
SELARL ACT é CONSEIL Adrien LABBE et Marion DURAND;;49024;ANGERS;Oui;Maine-et-Loire (49);;Me Marion DURAND, Me Adrien LABBÉ;Me Paul DE SAINT SAUVEUR, Me Sophie GUINET, Me Emilie JOURNAULT, Me Lauraline TOURET;2;4;Oui
SARL ACTAÉ NOTAIRES;;49230;MONTFAUCON MONTIGNE;Non;Maine-et-Loire (49);;Me Louise-Marie BOUYER, Me Patrick JUGAN, Me Cédric LUQUIAU;-;3;0;Oui
SELARL ANJOU BLEU NOTAIRES;;49500;SEGRE EN ANJOU BLEU;Non;Maine-et-Loire (49);;Me Emilie BEUNARDEAU, Me Catherine JUTON-PILON;Me Séverine NAUDIN;2;1;Oui
NOT'ANJOU CONSEIL;;49330;CHATEAUNEUF SUR SARTHE;Non;Maine-et-Loire (49);;Me Manuel SIMONET;Me Christelle BARILLÉ;1;1;Oui
ANJOU LOIRE NOTAIRES - Me Matthieu COURTOIS;;49125;TIERCE;Non;Maine-et-Loire (49);;Me Emmanuel BOUVIER, Me Matthieu COURTOIS;Me Amélie HERVO, Me Christophe PINEAU, Me Stéphanie RIOT-RIVEREAU;2;3;Oui
Me Laëtitia ANNETTE;;49100;ANGERS;Oui;Maine-et-Loire (49);;Me Laëtitia ANNETTE;-;1;0;Non
SAS Anne-Claude BAVIÈRE;;49150;BAUGE EN ANJOU;Non;Maine-et-Loire (49);;Me Anne-Claude BAVIÈRE;-;1;0;Oui
SELARL BDM NOTAIRES;;49390;VERNOIL LE FOURRIER;Non;Maine-et-Loire (49);;Me Sophie BOUIS-DEQUIDT, Me Olivier MICHELOT;-;2;0;Oui
SELARL OFFICE NOTARIAL DE MÛRS-ERIGNÉ;;49130;MURS ERIGNE;Non;Maine-et-Loire (49);;Me Frédérique BOULET;-;1;0;Non
Me Roxane BOURDELOUX;;49000;ANGERS;Oui;Maine-et-Loire (49);;Me Roxane BOURDELOUX;-;1;0;Non
SCP Eric BRECHETEAU et Nathalie DAILLOUX-BEUCHET;;49008;ANGERS CEDEX 01;Non;Maine-et-Loire (49);;Me Eric BRECHETEAU, Me Nathalie DAILLOUX-BEUCHET;-;2;0;Oui
Me Laurence BRETIN;;49100;ANGERS;Oui;Maine-et-Loire (49);;Me Laurence BRETIN;-;1;0;Oui
Me Elisabeth BRÉHÉLIN;;49440;CANDE;Non;Maine-et-Loire (49);;Me Elisabeth BRÉHÉLIN;Me Benjamin MARCHAND;1;1;Oui
ANJOU LOIRE NOTAIRES - Mes CESBRON, FALLOURD et TREFFOT;;49240;AVRILLE;Non;Maine-et-Loire (49);;Me Matthieu CESBRON, Me Guillaume FALLOURD, Me Marie-Lore TREFFOT;Me Rachel PELFRESNE;3;1;Oui
CONSEIL ANJOU PATRIMOINE NOTAIRES;;49440;CANDE;Non;Maine-et-Loire (49);;Me Mathilde EMERIAU;-;1;0;Non
CONSEIL ANJOU PATRIMOINE NOTAIRES;;49000;ANGERS;Oui;Maine-et-Loire (49);;Me Romain GIRAUDEAU;-;1;0;Oui
CONSEIL ANJOU PATRIMOINE NOTAIRES;;49370;VAL D'ERDRE AUXENCE;Non;Maine-et-Loire (49);;Me Jean-Christophe BOUWYN;Me Cynthia LUSTEAU, Me Paul-Hervé PAILLÉ;1;2;Oui
SELARL OFFICE NOTARIAL Julien CONTANT;;49250;ST MATHURIN SUR LOIRE;Non;Maine-et-Loire (49);;Me Julien CONTANT;-;1;0;Oui
SELARL Marie COURSOLLE et Bernard MOUTEL;;49270;CHAMPTOCEAUX;Non;Maine-et-Loire (49);;Me Marie COURSOLLE, Me Bernard MOUTEL;Me Laëtitia GOURIVAUD;2;1;Oui
SELARL Thomas DAUVER et Stéphanie JOUAND-PUCELLE;;49350;GENNES VAL DE LOIRE;Non;Maine-et-Loire (49);;Me Thomas DAUVER, Me Stéphanie JOUAND-PUCELLE;Me Chloé AYDEMIR;2;1;Oui
Me Aurélie DEGILA;;49460;MONTREUIL JUIGNE;Non;Maine-et-Loire (49);;Me Aurélie DEGILA;-;1;0;Non
Me Jérôme DEREDEC;;49070;BEAUCOUZE;Non;Maine-et-Loire (49);;Me Jérôme DEREDEC;-;1;0;Oui
SELARL DCB NOTAIRES ASSOCIES;;49003;ANGERS CEDEX 1;Non;Maine-et-Loire (49);;Me Laurence CHAUVEAU, Me Sophie DAVY, Me Antoine DESVAUX;-;3;0;Oui
Me Cécilia DROGOU;;49000;ANGERS;Oui;Maine-et-Loire (49);;Me Cécilia DROGOU;-;1;0;Non
SAS DU CONSEIL A L'ACTE;;49120;CHEMILLE EN ANJOU;Non;Maine-et-Loire (49);;Me Alexandra LANGLOIS;-;1;0;Non
SAS DU CONSEIL A L'ACTE;;49300;CHOLET;Non;Maine-et-Loire (49);;Me Sarah MARTIN;-;1;0;Non
SARL ONE - OFFICE NOTARIAL d'ECOUFLANT;;49000;ECOUFLANT;Non;Maine-et-Loire (49);;Me Frédérique HAY-THILLIER;-;1;0;Non
SELAS EGIDE NOTAIRES;;49700;DOUE EN ANJOU;Non;Maine-et-Loire (49);;Me Laure DOUMANDJI, Me Guillaume FRABOULET, Me Emmanuelle JAMMES;Me Eglantine FOREST;3;1;Oui
SELAS EGIDE NOTAIRES;;49380;BELLEVIGNE EN LAYON;Non;Maine-et-Loire (49);;Me Stéphane BAZIN;-;1;0;Non
SAS FAMILIA NOTAIRES CONSEILS;;49290;CHALONNES SUR LOIRE;Non;Maine-et-Loire (49);;Me Simon LEBLANC-PAPOUIN;Me Marine BONNUIT;1;1;Oui
Me Sylvie FICHET;;49490;NOYANT;Non;Maine-et-Loire (49);;Me Sylvie FICHET;-;1;0;Non
SELAS NEOLIA NOTAIRES;;49301;CHOLET CEDEX;Non;Maine-et-Loire (49);;Me Antoine BARANGER, Me Anne-Hélène BIOTTEAU, Me Stéphane FRAPPIER, Me Nicolas TEXEREAU;Me Charlotte BEBIEN, Me Mélanie CAILTON-TARIMY, Me Maëlle FARDIN, Me Sophie JEANNEAU, Me Elisabeth TESSIER;4;5;Oui
SELARL GAYA;;49260;BREZE;Non;Maine-et-Loire (49);;Me Maud DALLAY;-;1;0;Oui
SELARL OFFICE NOTARIAL GILLOURY;;49630;CORNE;Non;Maine-et-Loire (49);;Me François GILLOURY;-;1;0;Oui
Me Jean-François GIRARD;;49600;BEAUPREAU EN MAUGES;Non;Maine-et-Loire (49);;Me Jean-François GIRARD;-;1;0;Oui
SELAS GM CHOLET NOTAIRES;;49300;CHOLET;Non;Maine-et-Loire (49);;Me Olivier BIOTTEAU, Me Bernard DELORME, Me Thierry POUVREAU, Me Flore VRIGNAUD;Me Eric BELLIER;4;1;Oui
Mes Emmanuelle GOURET-DUCHENE et François GOURET;;49150;BAUGE EN ANJOU;Non;Maine-et-Loire (49);;Me François GOURET, Me Emmanuelle GOURET-DUCHENE;-;2;0;Oui
SAS LA MAISON DU CONSEIL;;49023;ANGERS CEDEX 2;Non;Maine-et-Loire (49);;Me David BIORET, Me Christophe GRASTEAU, Me Raphaël LE COQ;-;3;0;Oui
SELARL Anne-Laure GROSGEORGE Notaire;;49420;OMBREE D'ANJOU;Non;Maine-et-Loire (49);;Me Anne-Laure GROSGEORGE;-;1;0;Oui
Me Justine GROSJEAN;;49100;ANGERS;Oui;Maine-et-Loire (49);;Me Justine GROSJEAN;-;1;0;Non
ANJOU LOIRE NOTAIRES - Me Thierry PARCÉ;;49100;ANGERS;Oui;Maine-et-Loire (49);;Me Thierry PARCÉ;-;1;0;Oui
Me Sodari GUERRIER;;49400;SAUMUR;Non;Maine-et-Loire (49);;Me Sodari GUERRIER;-;1;0;Oui
SELARL ACCÈS NOTAIRES;;49124;ST BARTHELEMY D'ANJOU;Non;Maine-et-Loire (49);;Me Marion GUINE;-;1;0;Non
SELARL HT&O NOTAIRES ET CONSEILS;;49100;ANGERS;Oui;Maine-et-Loire (49);;Me Thierry HAYÉ-TEXIER, Me Franz OTTE;-;2;0;Oui
Me Caroline HERILLARD-AMELINE;;49000;ANGERS;Oui;Maine-et-Loire (49);;Me Caroline HERILLARD-AMELINE;-;1;0;Non
Me Pierre-Yves JAMES;;49100;ANGERS;Oui;Maine-et-Loire (49);;Me Pierre-Yves JAMES;-;1;0;Non
SARL JUBERT & PALOMBA ASSOCIES;;49260;MONTREUIL BELLAY;Non;Maine-et-Loire (49);;Me Victor JUBERT;Me Bénédicte DE LA PORTE DU THEIL;1;1;Non
SARL JUBERT & PALOMBA ASSOCIÉS, CHERBONNEAU-PALOMBA;;49160;LONGUÉ JUMELLES;Non;Maine-et-Loire (49);;Me Maud CHERBONNEAU-PALOMBA;Me Charlotte DUCHÊNE;1;1;Non
Me Monia KERHARO;;49140;SEICHES SUR LE LOIR;Non;Maine-et-Loire (49);;Me Monia KERHARO;-;1;0;Oui
SELARL LAROCHE GIRAULT ET ASSOCIÉS;;49007;ANGERS CEDEX;Non;Maine-et-Loire (49);;Me Stéphanie GIRAULT, Me Franck LAROCHE, Me Claire LE MAT, Me Tomas MARQUIS, Me David MEUNIER;Me Mathilde GIET, Me Quentin GILBERT, Me Alix MAILLET;5;3;Oui
Me Loïc LESIMPLE;;49104;ANGERS CEDEX 2;Non;Maine-et-Loire (49);;Me Loïc LESIMPLE;-;1;0;Non
Maître Stéphanie MALINEAU - Maître Celine MONTANIER - Maître Aurélie AUBAILLY;;49415;SAUMUR CEDEX;Non;Maine-et-Loire (49);;Me Aurélie AUBAILLY, Me Stéphanie MALINEAU, Me Céline MONTANIER;-;3;0;Oui
SAS Sandrine MARADAN;;49430;DURTAL;Non;Maine-et-Loire (49);;Me Sandrine MARADAN;-;1;0;Oui
SELARL MARRONNEAU ET NIGNOL, NOTAIRES ASSOCIES;;49190;ROCHEFORT SUR LOIRE;Non;Maine-et-Loire (49);;Me Sophie MARRONNEAU, Me Hélène NIGNOL;-;2;0;Oui
SELARL Sophie MASSE - Mélanie MERAND, notaires;;49110;MONTREVAULT SUR EVRE;Non;Maine-et-Loire (49);;Me Sophie MASSÉ, Me Mélanie MÉRAND;-;2;0;Non
SELAS OFFICE NOTARIAL DE CHEMILLE;;49120;CHEMILLE EN ANJOU;Non;Maine-et-Loire (49);;Me Delphine BETHOUART, Me Aurélie MOREAU, Me Jean PIROTAIS;-;3;0;Oui
SELASU OFFICE NOTARIAL DU PAYS DES MAUGES-CENTRE OUEST;;49110;MONTREVAULT;Non;Maine-et-Loire (49);;Me Jérôme BELLÈVRE;-;1;0;Non
Me Bertrand MAUPETIT;;49320;BRISSAC QUINCE;Non;Maine-et-Loire (49);;Me Bertrand MAUPETIT;Me Camille SERREAU;1;1;Non
SELARL Nicolas MELON;;49052;ANGERS;Oui;Maine-et-Loire (49);;Me Nicolas MELON;Me Claire GELABERT;1;1;Oui
SARL Antoine MIGOT, Nicolas DUPONT et Vincent VAN RYSSELBERGHE;;49220;LE LION D'ANGERS;Non;Maine-et-Loire (49);;Me Nicolas DUPONT, Me Antoine MIGOT;-;2;0;Oui
SELARL Isabelle MÉTAIS;;49250;BEAUFORT EN VALLEE;Non;Maine-et-Loire (49);;Me Isabelle MÉTAIS;-;1;0;Oui
SELARL NAXSO;;49000;ANGERS;Oui;Maine-et-Loire (49);;Me Sophie BOUET-POUPARD, Me Alexandre NAVAUD;Me Caroline CONCHARD-MARTIN;2;1;Non
SELARL NJL NOTAIRES ASSOCIES;;49051;ANGERS CEDEX 2;Non;Maine-et-Loire (49);;Me Emilie JOUET, Me Emmanuel LE FLOCH, Me Nicolas NOMBLOT;Me Isabelle SOUEF-MARCHAL, Me Anne-Frédérique ARTIGUE;3;2;Oui
SELARL NOT'1PACT;;49051;ANGERS CEDEX 2;Non;Maine-et-Loire (49);;Me Julie LAMBERT, Me Aurélien BEAUPERE, Me Denis PITHON;Me Lolita LANDREAU;3;1;Oui
Me Jessica PAILLARD;;49480;VERRIERES EN ANJOU;Non;Maine-et-Loire (49);;Me Jessica PAILLARD;-;1;0;Non
Me Dominique PASQUALINI;;49690;CORON;Non;Maine-et-Loire (49);;Me Dominique PASQUALINI;-;1;0;Non
SELARL LHL NOTAIRES;;49310;LYS HAUT LAYON;Non;Maine-et-Loire (49);;Me Antoine PINEAU;Me Fabrice TERRIEN;1;1;Non
SARL OFFICE NOTARIAL DU RALLIEMENT;;49021;ANGERS CEDEX 02;Non;Maine-et-Loire (49);;Me Christophe DUCHENE, Me Jean-Philippe REDIG, Me Henri VANDEVOORDE;Me Jérémy COLINEAU, Me Vincent FOUCHER, Me Montaine OGER;3;3;Oui
Me Mathieu ROUBERT;;49300;CHOLET;Non;Maine-et-Loire (49);;Me Mathieu ROUBERT;-;1;0;Non
SARL Christophe ROY, Vincent DELAFOND et Guislaine BELLION-LOUBOUTIN;;49800;TRELAZE;Non;Maine-et-Loire (49);;Me Guislaine BELLION-LOUBOUTIN, Me Vincent DELAFOND, Me Christophe ROY;Me Arnaud RICORDEL;3;1;Oui
SCP NEOLIA NOTAIRES;;49610;LES GARENNES SUR LOIRE;Non;Maine-et-Loire (49);;Me Arnaud SALVETAT;Me Jessica BOUVIER, Me Nadège HERBRETEAU;1;2;Non
Maître Manuella SAMSON;;49300;CHOLET;Non;Maine-et-Loire (49);;Me Manuella SAMSON;-;1;0;Oui
Me François SAULNIER;;49000;ANGERS;Oui;Maine-et-Loire (49);;Me François SAULNIER;-;1;0;Non
SCP Hyacinthe SIMON et Billy POUPELIN;;49450;ST MACAIRE EN MAUGES;Non;Maine-et-Loire (49);;Me Billy POUPELIN, Me Hyacinthe SIMON;Me Caroline GIRARD;2;1;Non
SELARL ORIENTA;;49410;LE MESNIL EN VALLEE;Non;Maine-et-Loire (49);;Me Marlène THEBAULT, Me Jean-Louis VERONNEAU;-;2;0;Oui
SELARL THOUARY NOTAIRES;;49415;SAUMUR CEDEX;Non;Maine-et-Loire (49);;Me René-Marc THOUARY, Me Claude-Elise THOUARY-SABOURAULT;-;2;0;Oui
SARL Antoine MIGOT, Nicolas DUPONT et Vincent VAN RYSSELBERGHE;;49500;SEGRE EN ANJOU BLEU;Non;Maine-et-Loire (49);;Me Vincent VAN RYSSELBERGHE;-;1;0;Non
SELARL Frédéric VARIN et Claudia VARIN;;49400;DISTRE;Non;Maine-et-Loire (49);;Me Frédéric VARIN, Me Claudia VARIN;-;2;0;Oui
SARL OFFICE NOTARIAL ZENNER;;49680;VIVY;Non;Maine-et-Loire (49);;Me Véronique ZENNER;-;1;0;Oui
Me Marc-Alexandre de MORAIS;;49300;CHOLET;Non;Maine-et-Loire (49);;Me Marc-Alexandre de MORAIS;Me Déborah GUITTON;1;1;Oui
SELARL ÔTENTIK Notaires et Associés;;49600;BEAUPREAU EN MAUGES;Non;Maine-et-Loire (49);;Me Cyrille CHEVALLIER, Me Alan LE CAM;Me Mathilde JANVRESSE;2;1;Oui